StudentID,SAT,GPA
1,1240,3.22
2,1206,2.87
3,1520,3.74
4,1238,3.11
5,1142,2.74
6,1086,2.77
7,1367,3.28
8,1034,2.41
9,1547,3.82
10,1453,3.65
11,1215,2.86
12,1323,3.18
13,1106,2.77
14,1038,2.47
15,1426,3.37
16,1283,3.23
17,1456,3.48
18,1180,3.14
19,1539,3.84
20,1241,3.06
21,1102,2.88
22,1245,3.2
23,1332,3.34
24,1193,2.99
25,1064,2.78
26,1309,3.11
27,1225,2.94
28,1408,3.7
29,1448,3.51
30,1553,3.83
31,1133,2.98
32,1032,2.42
33,1188,2.87
34,1034,2.47
35,1057,2.51
36,1448,3.76
37,1169,2.72
38,1558,3.96
39,1535,3.73
40,1222,3.01
41,1214,2.91
42,1557,3.98
43,1076,2.85
44,1389,3.28
45,1130,2.75
46,1304,3.28
47,1121,2.86
48,1177,3.11
49,1420,3.59
50,1172,2.91
51,1022,2.46
52,1171,2.96
53,1555,3.9
54,1107,2.94
55,1358,3.53
56,1178,3.12
57,1165,2.98
58,1250,3.04
59,1118,2.98
60,1434,3.5
61,1288,3.18
62,1222,3.19
63,1046,2.76
64,1151,2.73
65,1144,2.85
66,1294,3.33
67,1457,3.78
68,1182,3.15
69,1514,3.79
70,1122,2.88
71,1492,3.86
72,1080,2.78
73,1111,2.6
74,1187,2.9
75,1281,3.09
76,1332,3.26
77,1355,3.55
78,1400,3.36
79,1027,2.58
80,1531,3.87
81,1184,3.07
82,1509,3.65
83,1099,2.81
84,1363,3.53
85,1325,3.18
86,1468,3.5
87,1455,3.63
88,1054,2.71
89,1378,3.37
90,1426,3.37
91,1451,3.59
92,1351,3.39
93,1276,3.32
94,1365,3.48
95,1138,2.73
96,1003,2.42
97,1389,3.59
98,1006,2.35
99,1005,2.4
100,1068,2.47
101,1031,2.66
102,1527,3.87
103,1346,3.32
104,1228,2.88
105,1246,3.24
106,1088,2.67
107,1365,3.54
108,1113,2.96
109,1244,3.31
110,1132,2.64
111,1549,3.93
112,1104,2.7
113,1112,2.76
114,1097,2.87
115,1465,3.49
116,1193,2.83
117,1344,3.51
118,1435,3.53
119,1469,3.8
120,1224,3.07
121,1251,2.94
122,1470,3.54
123,1419,3.47
124,1563,3.72
125,1075,2.55
126,1200,3.16
127,1017,2.4
128,1559,3.82
129,1344,3.25
130,1192,3.03
131,1004,2.35
132,1145,2.78
133,1510,3.75
134,1144,2.91
135,1105,2.82
136,1059,2.71
137,1335,3.15
138,1339,3.48
139,1431,3.69
140,1573,3.86
141,1232,3.15
142,1202,3.17
143,1371,3.59
144,1445,3.69
145,1125,2.72
146,1255,2.95
147,1404,3.56
148,1415,3.39
149,1467,3.76
150,1426,3.37
151,1240,3.05
152,1116,2.96
153,1347,3.56
154,1319,3.36
155,1111,2.7
156,1001,2.66
157,1403,3.55
158,1415,3.37
159,1211,2.99
160,1558,3.71
161,1357,3.5
162,1192,2.85
163,1238,3.01
164,1160,2.95
165,1316,3.25
166,1227,3.16
167,1110,2.8
168,1547,4
169,1065,2.6
170,1574,3.81
171,1257,3.04
172,1013,2.65
173,1493,3.54
174,1479,3.89
175,1124,2.7
176,1512,3.72
177,1416,3.56
178,1064,2.47
179,1109,2.92
180,1156,2.83
181,1272,3
182,1487,3.66
183,1004,2.59
184,1305,3.16
185,1409,3.47
186,1307,3.34
187,1574,3.95
188,1527,3.74
189,1310,3.37
190,1033,2.75
191,1183,3.14
192,1466,3.51
193,1146,3.06
194,1247,3.29
195,1136,2.79
196,1308,3.1
197,1299,3.25
198,1329,3.22
199,1372,3.63
200,1323,3.35
201,1203,2.95
202,1151,2.85
203,1167,2.75
204,1432,3.61
205,1347,3.38
206,1043,2.46
207,1580,4.12
208,1113,2.91
209,1579,3.86
210,1403,3.45
211,1397,3.36
212,1363,3.59
213,1301,3.28
214,1121,2.72
215,1455,3.81
216,1119,2.99
217,1301,3.11
218,1552,3.76
219,1374,3.55
220,1428,3.7
221,1368,3.45
222,1050,2.49
223,1050,2.81
224,1371,3.24
225,1401,3.61
226,1095,2.64
227,1365,3.33
228,1484,3.82
229,1282,3.4
230,1437,3.48
231,1296,3.35
232,1050,2.74
233,1231,3.02
234,1286,3.17
235,1030,2.61
236,1352,3.51
237,1117,2.71
238,1163,2.75
239,1022,2.44
240,1324,3.34
241,1309,3.1
242,1033,2.75
243,1103,2.69
244,1416,3.51
245,1272,3.16
246,1225,3.13
247,1108,2.88
248,1380,3.41
249,1111,2.83
250,1512,3.65
251,1512,3.59
252,1158,3.01
253,1292,3.27
254,1406,3.61
255,1147,3
256,1549,3.71
257,1293,3.13
258,1005,2.47
259,1212,3
260,1408,3.55
261,1015,2.72
262,1315,3.34
263,1090,2.62
264,1427,3.69
265,1217,2.91
266,1573,4.12
267,1351,3.31
268,1459,3.51
269,1204,3.15
270,1242,3.14
271,1131,2.77
272,1014,2.56
273,1433,3.43
274,1083,2.6
275,1287,3.27
276,1081,2.81
277,1305,3.14
278,1383,3.55
279,1559,4.01
280,1366,3.49
281,1484,3.62
282,1133,2.67
283,1327,3.47
284,1307,3.09
285,1518,3.6
286,1145,2.92
287,1120,2.6
288,1139,2.75
289,1013,2.56
290,1358,3.45
291,1090,2.85
292,1356,3.29
293,1254,3.18
294,1579,4.07
295,1054,2.71
296,1272,3.1
297,1416,3.44
298,1290,3.04
299,1480,3.72
300,1046,2.57
301,1404,3.61
302,1451,3.43
303,1082,2.53
304,1421,3.74
305,1445,3.71
306,1328,3.24
307,1285,3.34
308,1042,2.43
309,1292,3.28
310,1539,4.05
311,1192,2.85
312,1122,2.77
313,1231,3.2
314,1460,3.78
315,1493,3.7
316,1017,2.64
317,1539,3.69
318,1140,2.91
319,1450,3.48
320,1210,2.87
321,1399,3.32
322,1439,3.6
323,1236,3.19
324,1380,3.58
325,1114,2.88
326,1389,3.34
327,1469,3.86
328,1100,2.66
329,1353,3.56
330,1000,2.36
331,1283,3.2
332,1290,3.14
333,1263,3.04
334,1462,3.84
335,1002,2.39
336,1436,3.77
337,1052,2.48
338,1327,3.26
339,1068,2.53
340,1161,2.75
341,1348,3.48
342,1405,3.61
343,1315,3.24
344,1097,2.85
345,1391,3.54
346,1216,3.08
347,1301,3.13
348,1024,2.64
349,1307,3.14
350,1353,3.27
351,1117,2.67
352,1555,3.79
353,1367,3.55
354,1445,3.59
355,1004,2.54
356,1560,3.95
357,1501,3.87
358,1192,2.89
359,1385,3.64
360,1546,4.02
361,1417,3.74
362,1373,3.31
363,1150,3
364,1550,3.95
365,1125,2.67
366,1222,2.95
367,1034,2.4
368,1174,2.74
369,1335,3.19
370,1503,3.57
371,1043,2.74
372,1279,3.37
373,1563,3.92
374,1082,2.63
375,1100,2.77
376,1180,2.84
377,1143,2.93
378,1500,3.7
379,1454,3.49
380,1269,3.11
381,1001,2.33
382,1158,3.01
383,1230,2.92
384,1448,3.59
385,1127,2.65
386,1156,3.05
387,1000,2.31
388,1054,2.46
389,1486,3.88
390,1110,2.95
391,1165,2.92
392,1106,2.78
393,1106,2.76
394,1245,2.93
395,1539,3.93
396,1328,3.24
397,1075,2.89
398,1417,3.4
399,1000,2.64
400,1559,3.97
401,1500,3.68
402,1565,3.9
403,1090,2.54
404,1396,3.67
405,1003,2.71
406,1042,2.51
407,1271,2.98
408,1316,3.22
409,1485,3.7
410,1343,3.36
411,1497,3.84
412,1232,2.97
413,1186,2.84
414,1578,3.8
415,1186,3.02
416,1065,2.82
417,1010,2.35
418,1321,3.14
419,1464,3.85
420,1303,3.33
421,1162,2.72
422,1160,2.98
423,1543,3.98
424,1219,3.24
425,1209,2.88
426,1560,3.85
427,1325,3.2
428,1138,2.97
429,1466,3.8
430,1181,3.06
431,1312,3.37
432,1151,2.98
433,1303,3.4
434,1091,2.88
435,1157,3.09
436,1280,3.01
437,1198,3.13
438,1001,2.53
439,1473,3.68
440,1336,3.19
441,1220,2.99
442,1277,3.3
443,1047,2.51
444,1506,3.96
445,1169,3.06
446,1499,3.66
447,1076,2.85
448,1227,3.04
449,1053,2.67
450,1068,2.53
451,1555,3.82
452,1316,3.25
453,1143,3.05
454,1285,3.35
455,1364,3.32
456,1080,2.8
457,1102,2.69
458,1410,3.39
459,1552,3.76
460,1051,2.56
461,1263,3.21
462,1469,3.56
463,1138,2.71
464,1080,2.55
465,1453,3.65
466,1158,2.76
467,1039,2.76
468,1060,2.79
469,1517,3.6
470,1437,3.53
471,1468,3.73
472,1507,3.58
473,1571,3.85
474,1543,3.88
475,1533,3.68
476,1097,2.85
477,1509,3.6
478,1314,3.21
479,1083,2.71
480,1550,3.99
481,1110,2.71
482,1277,3.33
483,1177,2.76
484,1461,3.54
485,1239,2.92
486,1090,2.8
487,1491,3.59
488,1235,3.14
489,1507,3.71
490,1222,2.95
491,1473,3.75
492,1411,3.54
493,1003,2.55
494,1339,3.15
495,1357,3.52
496,1285,3.13
497,1167,3.02
498,1006,2.64
499,1388,3.49
500,1098,2.77
501,1364,3.6
502,1338,3.18
503,1472,3.56
504,1555,3.94
505,1502,3.56
506,1185,2.94
507,1375,3.3
508,1552,3.78
509,1431,3.53
510,1514,3.67
511,1334,3.42
512,1072,2.77
513,1387,3.35
514,1433,3.63
515,1217,3.19
516,1265,3.3
517,1439,3.59
518,1533,4.03
519,1547,3.76
520,1215,3.18
521,1276,3.33
522,1504,3.87
523,1276,3.03
524,1316,3.1
525,1410,3.4
526,1083,2.58
527,1018,2.41
528,1337,3.17
529,1069,2.72
530,1507,3.79
531,1318,3.16
532,1091,2.92
533,1136,2.67
534,1177,3.05
535,1463,3.7
536,1320,3.47
537,1232,3.24
538,1188,2.99
539,1459,3.63
540,1544,3.67
541,1032,2.52
542,1397,3.43
543,1255,3.11
544,1347,3.4
545,1058,2.83
546,1175,2.89
547,1309,3.08
548,1038,2.5
549,1132,2.98
550,1300,3.42
551,1074,2.6
552,1281,3.3
553,1274,3.08
554,1288,3.13
555,1536,4.02
556,1262,2.98
557,1114,2.7
558,1429,3.61
559,1413,3.7
560,1580,4.08
561,1114,2.92
562,1487,3.9
563,1003,2.7
564,1154,2.72
565,1361,3.31
566,1435,3.69
567,1529,3.91
568,1339,3.4
569,1425,3.46
570,1300,3.27
571,1464,3.69
572,1312,3.41
573,1015,2.35
574,1188,2.83
575,1138,2.99
576,1493,3.77
577,1243,3
578,1424,3.64
579,1109,2.7
580,1116,2.9
581,1250,3.06
582,1093,2.69
583,1296,3.36
584,1566,3.84
585,1117,2.6
586,1327,3.22
587,1205,3.06
588,1550,4.01
589,1210,2.95
590,1276,3.32
591,1509,3.94
592,1064,2.75
593,1177,2.85
594,1117,2.86
595,1051,2.56
596,1131,2.89
597,1242,3.25
598,1100,2.92
599,1186,2.86
600,1029,2.58
601,1242,3.14
602,1406,3.68
603,1219,3
604,1435,3.42
605,1224,3.19
606,1400,3.57
607,1543,3.66
608,1359,3.57
609,1527,3.76
610,1352,3.31
611,1028,2.44
612,1287,3.3
613,1458,3.66
614,1083,2.74
615,1226,2.93
616,1314,3.13
617,1349,3.18
618,1181,2.86
619,1552,4.06
620,1560,3.71
621,1043,2.48
622,1475,3.67
623,1123,2.66
624,1333,3.44
625,1108,2.69
626,1132,2.75
627,1498,3.66
628,1062,2.74
629,1356,3.28
630,1519,3.81
631,1422,3.38
632,1481,3.55
633,1233,2.91
634,1046,2.49
635,1198,3.03
636,1084,2.69
637,1277,3.05
638,1020,2.59
639,1306,3.2
640,1228,2.88
641,1207,2.88
642,1040,2.71
643,1035,2.76
644,1272,3.11
645,1369,3.29
646,1029,2.73
647,1274,3.08
648,1341,3.22
649,1573,3.8
650,1045,2.52
651,1194,3.06
652,1319,3.14
653,1400,3.56
654,1162,2.73
655,1477,3.87
656,1030,2.42
657,1271,3.34
658,1480,3.57
659,1514,3.63
660,1404,3.32
661,1565,3.91
662,1369,3.59
663,1410,3.59
664,1086,2.89
665,1345,3.43
666,1480,3.55
667,1526,3.74
668,1300,3.18
669,1406,3.62
670,1134,2.87
671,1108,2.92
672,1120,2.62
673,1433,3.54
674,1519,3.82
675,1110,2.92
676,1323,3.19
677,1439,3.49
678,1340,3.26
679,1187,3.15
680,1242,3.1
681,1518,3.98
682,1216,2.92
683,1286,3.2
684,1073,2.58
685,1014,2.69
686,1484,3.74
687,1344,3.32
688,1161,2.82
689,1228,3.25
690,1297,3.24
691,1491,3.83
692,1133,2.89
693,1139,2.94
694,1152,2.95
695,1198,2.87
696,1005,2.54
697,1237,3.16
698,1508,3.79
699,1512,3.95
700,1330,3.52
701,1076,2.7
702,1534,3.92
703,1220,2.92
704,1075,2.52
705,1225,3.22
706,1419,3.44
707,1459,3.45
708,1395,3.57
709,1140,2.69
710,1172,2.87
711,1270,3.31
712,1381,3.43
713,1348,3.49
714,1276,3.01
715,1368,3.4
716,1346,3.31
717,1380,3.62
718,1346,3.31
719,1508,3.58
720,1439,3.43
721,1492,3.69
722,1440,3.62
723,1298,3.37
724,1562,3.93
725,1318,3.35
726,1473,3.65
727,1382,3.26
728,1017,2.71
729,1443,3.58
730,1227,3.18
731,1014,2.34
732,1098,2.86
733,1340,3.53
734,1080,2.69
735,1071,2.61
736,1215,2.86
737,1524,3.68
738,1476,3.75
739,1443,3.72
740,1019,2.35
741,1295,3.08
742,1544,3.85
743,1022,2.64
744,1371,3.62
745,1400,3.32
746,1173,3.13
747,1522,3.89
748,1508,3.67
749,1536,3.77
750,1340,3.24
751,1219,2.96
752,1280,3.35
753,1478,3.74
754,1503,3.85
755,1242,3.02
756,1049,2.75
757,1140,3.03
758,1193,2.87
759,1164,2.9
760,1434,3.47
761,1465,3.53
762,1253,2.96
763,1334,3.16
764,1188,3.01
765,1332,3.45
766,1460,3.76
767,1471,3.55
768,1051,2.74
769,1294,3.37
770,1238,3.16
771,1114,2.79
772,1102,2.62
773,1007,2.71
774,1411,3.48
775,1363,3.43
776,1166,2.89
777,1105,2.81
778,1212,3.08
779,1107,2.65
780,1275,3.35
781,1066,2.85
782,1521,3.6
783,1316,3.47
784,1416,3.61
785,1554,3.81
786,1073,2.78
787,1512,3.78
788,1267,3.19
789,1174,2.94
790,1346,3.17
791,1492,3.87
792,1001,2.53
793,1405,3.6
794,1534,3.68
795,1467,3.69
796,1327,3.19
797,1395,3.54
798,1009,2.49
799,1488,3.77
800,1483,3.77
801,1254,3.33
802,1484,3.62
803,1214,2.91
804,1329,3.33
805,1106,2.8
806,1099,2.92
807,1329,3.24
808,1275,3.27
809,1249,3.27
810,1334,3.47
811,1396,3.4
812,1307,3.34
813,1010,2.72
814,1449,3.66
815,1406,3.43
816,1380,3.56
817,1071,2.87
818,1209,2.96
819,1276,3.19
820,1515,3.82
821,1032,2.71
822,1272,3.38
823,1386,3.49
824,1347,3.55
825,1291,3.27
826,1112,2.84
827,1565,4
828,1553,3.83
829,1051,2.48
830,1124,2.94
831,1047,2.6
832,1491,3.63
833,1382,3.26
834,1233,2.9
835,1154,2.88
836,1110,2.9
837,1151,2.79
838,1549,4.06
839,1275,3.34
840,1057,2.82
841,1302,3.15
842,1464,3.63
843,1117,2.75
844,1567,4.03
845,1125,2.95
846,1282,3.17
847,1275,3.27
848,1502,3.7
849,1097,2.74
850,1425,3.67
851,1278,3.12
852,1090,2.69
853,1026,2.42
854,1359,3.48
855,1472,3.8
856,1134,2.72
857,1284,3.24
858,1047,2.81
859,1343,3.33
860,1568,3.74
861,1007,2.44
862,1410,3.45
863,1509,3.73
864,1032,2.5
865,1095,2.87
866,1171,3.09
867,1278,3.05
868,1062,2.72
869,1442,3.52
870,1255,3.31
871,1422,3.4
872,1473,3.54
873,1535,4.03
874,1544,4.06
875,1256,3.29
876,1208,2.98
877,1209,2.83
878,1060,2.5
879,1377,3.42
880,1392,3.6
881,1039,2.64
882,1333,3.32
883,1491,3.72
884,1477,3.8
885,1397,3.45
886,1521,3.83
887,1330,3.14
888,1250,2.96
889,1026,2.59
890,1313,3.31
891,1328,3.47
892,1003,2.51
893,1388,3.52
894,1044,2.61
895,1556,3.84
896,1539,3.7
897,1371,3.26
898,1576,4.05
899,1132,2.96
900,1199,3.18
901,1098,2.6
902,1207,3.2
903,1421,3.61
904,1287,3.32
905,1182,2.9
906,1396,3.43
907,1110,2.66
908,1502,3.6
909,1272,3.3
910,1571,3.97
911,1146,2.97
912,1133,2.77
913,1146,3.03
914,1270,3.26
915,1496,3.8
916,1260,3.23
917,1323,3.36
918,1256,3.24
919,1246,3.2
920,1029,2.68
921,1252,2.98
922,1352,3.32
923,1299,3.43
924,1343,3.37
925,1189,2.82
926,1426,3.42
927,1040,2.63
928,1224,3.11
929,1350,3.34
930,1084,2.59
931,1576,3.93
932,1186,2.77
933,1229,2.89
934,1083,2.69
935,1274,3.07
936,1528,3.91
937,1015,2.41
938,1070,2.61
939,1528,3.97
940,1305,3.35
941,1199,2.88
942,1274,3.38
943,1093,2.9
944,1399,3.54
945,1560,4.1
946,1237,3.04
947,1383,3.46
948,1266,3.02
949,1371,3.56
950,1510,3.58
951,1102,2.82
952,1039,2.61
953,1375,3.5
954,1167,2.88
955,1224,3.18
956,1016,2.42
957,1560,4.06
958,1542,3.82
959,1383,3.56
960,1515,3.78
961,1085,2.63
962,1066,2.82
963,1060,2.77
964,1518,3.6
965,1559,3.74
966,1110,2.86
967,1513,3.73
968,1091,2.8
969,1326,3.41
970,1036,2.68
971,1072,2.65
972,1492,3.58
973,1045,2.74
974,1104,2.66
975,1044,2.45
976,1033,2.39
977,1125,2.68
978,1110,2.58
979,1267,3.36
980,1528,3.77
981,1054,2.77
982,1427,3.57
983,1424,3.56
984,1115,2.9
985,1062,2.85
986,1360,3.55
987,1542,3.77
988,1516,3.75
989,1075,2.86
990,1151,3.06
991,1185,2.97
992,1230,3.23
993,1522,3.72
994,1509,3.95
995,1512,3.64
996,1158,2.81
997,1107,2.85
998,1273,3.2
999,1238,3.29
1000,1490,3.71
1001,1073,2.87
1002,1201,2.9
1003,1430,3.41
1004,1019,2.47
1005,1489,3.72
1006,1351,3.57
1007,1323,3.31
1008,1063,2.66
1009,1359,3.33
1010,1458,3.64
1011,1336,3.17
1012,1549,3.71
1013,1039,2.53
1014,1122,2.63
1015,1314,3.44
1016,1217,3.17
1017,1400,3.64
1018,1554,3.83
1019,1482,3.81
1020,1031,2.45
1021,1563,3.96
1022,1445,3.7
1023,1536,3.88
1024,1553,4
1025,1202,3.13
1026,1522,3.67
1027,1037,2.65
1028,1298,3.34
1029,1366,3.45
1030,1050,2.48
1031,1013,2.54
1032,1044,2.62
1033,1297,3.25
1034,1055,2.76
1035,1277,3.35
1036,1324,3.16
1037,1576,4.12
1038,1089,2.76
1039,1350,3.33
1040,1149,2.89
1041,1128,2.82
1042,1315,3.33
1043,1160,2.84
1044,1466,3.77
1045,1068,2.47
1046,1298,3.23
1047,1493,3.73
1048,1508,3.75
1049,1234,3.25
1050,1484,3.56
1051,1529,3.98
1052,1204,2.95
1053,1149,3.04
1054,1334,3.35
1055,1002,2.35
1056,1036,2.39
1057,1537,3.86
1058,1541,4.02
1059,1435,3.43
1060,1087,2.85
1061,1475,3.58
1062,1260,3
1063,1353,3.38
1064,1327,3.23
1065,1502,3.67
1066,1466,3.71
1067,1402,3.32
1068,1493,3.57
1069,1504,3.68
1070,1536,3.64
1071,1514,3.68
1072,1465,3.58
1073,1168,3.05
1074,1146,2.85
1075,1284,3.37
1076,1265,3.06
1077,1280,3.16
1078,1142,2.91
1079,1349,3.21
1080,1459,3.68
1081,1558,4.03
1082,1345,3.41
1083,1198,2.87
1084,1009,2.64
1085,1137,2.86
1086,1203,3.16
1087,1565,4.09
1088,1565,4
1089,1408,3.35
1090,1322,3.5
1091,1119,2.62
1092,1401,3.35
1093,1414,3.49
1094,1514,3.71
1095,1025,2.39
1096,1399,3.35
1097,1411,3.47
1098,1429,3.37
1099,1147,2.76
1100,1322,3.3
1101,1263,3.29
1102,1079,2.79
1103,1214,2.97
1104,1417,3.5
1105,1225,3.03
1106,1284,3.04
1107,1396,3.46
1108,1215,2.94
1109,1476,3.82
1110,1490,3.89
1111,1346,3.31
1112,1526,3.94
1113,1349,3.42
1114,1236,3.04
1115,1025,2.56
1116,1150,2.8
1117,1021,2.68
1118,1300,3.37
1119,1211,3.23
1120,1070,2.58
1121,1267,3.13
1122,1253,3.04
1123,1077,2.53
1124,1345,3.47
1125,1538,3.65
1126,1454,3.68
1127,1271,3.07
1128,1451,3.8
1129,1340,3.54
1130,1154,2.88
1131,1285,3.11
1132,1277,3.07
1133,1058,2.74
1134,1318,3.41
1135,1300,3.35
1136,1520,3.88
1137,1297,3.38
1138,1433,3.47
1139,1003,2.69
1140,1503,3.59
1141,1457,3.61
1142,1509,3.81
1143,1542,3.75
1144,1278,3.05
1145,1356,3.57
1146,1353,3.28
1147,1189,2.86
1148,1096,2.88
1149,1326,3.29
1150,1023,2.73
1151,1394,3.3
1152,1054,2.75
1153,1503,3.73
1154,1394,3.42
1155,1210,3.15
1156,1112,2.61
1157,1134,2.85
1158,1076,2.86
1159,1146,2.69
1160,1024,2.55
1161,1531,3.71
1162,1353,3.3
1163,1278,3.03
1164,1163,2.91
1165,1217,3.17
1166,1166,2.98
1167,1292,3.35
1168,1177,2.77
1169,1511,3.79
1170,1492,3.75
1171,1422,3.54
1172,1081,2.86
1173,1311,3.45
1174,1287,3.12
1175,1073,2.49
1176,1553,3.86
1177,1429,3.76
1178,1522,3.99
1179,1342,3.31
1180,1227,3.18
1181,1501,3.78
1182,1149,2.84
1183,1419,3.64
1184,1055,2.78
1185,1197,2.88
1186,1163,3.05
1187,1016,2.62
1188,1016,2.51
1189,1574,3.8
1190,1037,2.47
1191,1169,2.8
1192,1406,3.39
1193,1029,2.66
1194,1257,3.15
1195,1110,2.92
1196,1326,3.14
1197,1232,3.22
1198,1148,2.96
1199,1283,3.26
1200,1119,2.74
1201,1538,3.73
1202,1011,2.41
1203,1130,2.63
1204,1490,3.68
1205,1259,3.26
1206,1067,2.58
1207,1106,2.61
1208,1457,3.45
1209,1104,2.88
1210,1212,3
1211,1048,2.66
1212,1060,2.77
1213,1343,3.28
1214,1503,3.61
1215,1342,3.17
1216,1326,3.25
1217,1525,3.66
1218,1302,3.4
1219,1236,3.01
1220,1358,3.39
1221,1296,3.4
1222,1326,3.51
1223,1492,3.88
1224,1298,3.23
1225,1263,3.25
1226,1033,2.78
1227,1024,2.71
1228,1411,3.37
1229,1161,2.94
1230,1276,3.28
1231,1133,2.76
1232,1351,3.31
1233,1429,3.77
1234,1060,2.59
1235,1504,3.81
1236,1186,2.84
1237,1306,3.1
1238,1488,3.72
1239,1483,3.58
1240,1522,3.62
1241,1154,2.7
1242,1240,3.17
1243,1338,3.54
1244,1518,3.69
1245,1442,3.74
1246,1532,3.71
1247,1428,3.71
1248,1150,2.97
1249,1432,3.55
1250,1299,3.06
1251,1484,3.74
1252,1392,3.32
1253,1406,3.43
1254,1409,3.43
1255,1566,4.09
1256,1443,3.72
1257,1299,3.41
1258,1162,3.08
1259,1481,3.84
1260,1028,2.7
1261,1382,3.45
1262,1206,3.04
1263,1116,2.87
1264,1230,2.95
1265,1439,3.78
1266,1419,3.72
1267,1146,2.89
1268,1378,3.52
1269,1414,3.44
1270,1526,3.69
1271,1123,2.97
1272,1169,2.92
1273,1054,2.68
1274,1356,3.41
1275,1425,3.39
1276,1311,3.19
1277,1297,3.4
1278,1216,2.9
1279,1087,2.59
1280,1388,3.53
1281,1265,3.35
1282,1210,3.1
1283,1176,2.98
1284,1288,3.39
1285,1347,3.22
1286,1521,3.98
1287,1384,3.46
1288,1196,3.08
1289,1161,3.06
1290,1206,2.91
1291,1198,3.18
1292,1023,2.49
1293,1009,2.32
1294,1384,3.45
1295,1035,2.66
1296,1418,3.36
1297,1036,2.44
1298,1198,3.1
1299,1331,3.21
1300,1415,3.44
1301,1466,3.83
1302,1063,2.75
1303,1156,2.73
1304,1514,3.87
1305,1285,3.1
1306,1573,4.09
1307,1323,3.12
1308,1476,3.63
1309,1362,3.55
1310,1562,3.78
1311,1479,3.8
1312,1059,2.51
1313,1330,3.52
1314,1112,2.62
1315,1361,3.33
1316,1476,3.69
1317,1326,3.28
1318,1306,3.27
1319,1572,4
1320,1042,2.56
1321,1100,2.8
1322,1210,2.84
1323,1422,3.48
1324,1258,3.32
1325,1343,3.45
1326,1292,3.39
1327,1306,3.26
1328,1073,2.54
1329,1074,2.82
1330,1298,3.05
1331,1539,3.82
1332,1402,3.59
1333,1481,3.76
1334,1084,2.52
1335,1364,3.58
1336,1345,3.36
1337,1198,3.07
1338,1049,2.61
1339,1059,2.72
1340,1409,3.43
1341,1523,3.92
1342,1338,3.24
1343,1541,3.88
1344,1022,2.4
1345,1316,3.34
1346,1340,3.53
1347,1563,3.97
1348,1061,2.77
1349,1225,3.22
1350,1340,3.53
1351,1339,3.31
1352,1010,2.47
1353,1109,2.79
1354,1534,4.02
1355,1133,2.66
1356,1044,2.47
1357,1493,3.59
1358,1396,3.46
1359,1398,3.39
1360,1163,2.95
1361,1383,3.57
1362,1176,2.87
1363,1281,3.22
1364,1311,3.31
1365,1577,4.08
1366,1514,3.67
1367,1349,3.53
1368,1376,3.47
1369,1456,3.52
1370,1281,3.05
1371,1346,3.25
1372,1356,3.58
1373,1491,3.7
1374,1132,3.02
1375,1207,3.04
1376,1388,3.37
1377,1336,3.17
1378,1349,3.57
1379,1136,2.89
1380,1076,2.76
1381,1436,3.42
1382,1447,3.76
1383,1132,2.95
1384,1218,2.88
1385,1429,3.41
1386,1126,2.73
1387,1079,2.5
1388,1451,3.7
1389,1016,2.7
1390,1472,3.82
1391,1162,2.74
1392,1084,2.72
1393,1123,2.72
1394,1373,3.31
1395,1296,3.1
1396,1055,2.74
1397,1471,3.48
1398,1375,3.52
1399,1431,3.67
1400,1369,3.5
1401,1117,2.77
1402,1208,3.07
1403,1278,3.16
1404,1111,2.76
1405,1229,2.97
1406,1228,3.14
1407,1149,2.98
1408,1505,3.69
1409,1528,3.83
1410,1499,3.84
1411,1263,3.07
1412,1096,2.92
1413,1296,3.11
1414,1091,2.73
1415,1179,3.11
1416,1002,2.66
1417,1385,3.44
1418,1233,3.07
1419,1315,3.42
1420,1158,2.72
1421,1540,3.68
1422,1449,3.81
1423,1484,3.75
1424,1438,3.63
1425,1351,3.3
1426,1147,2.99
1427,1395,3.59
1428,1507,3.71
1429,1276,3.24
1430,1507,3.82
1431,1156,2.91
1432,1072,2.64
1433,1286,3.17
1434,1470,3.58
1435,1213,3.19
1436,1210,2.88
1437,1349,3.57
1438,1086,2.65
1439,1569,4.09
1440,1022,2.56
1441,1164,2.94
1442,1014,2.58
1443,1142,2.89
1444,1218,3.17
1445,1496,3.8
1446,1034,2.72
1447,1096,2.78
1448,1132,2.64
1449,1260,3.17
1450,1415,3.51
1451,1432,3.6
1452,1522,3.61
1453,1097,2.58
1454,1477,3.73
1455,1017,2.66
1456,1492,3.65
1457,1223,3.09
1458,1096,2.55
1459,1191,2.94
1460,1448,3.52
1461,1053,2.52
1462,1429,3.51
1463,1391,3.47
1464,1238,3.12
1465,1409,3.6
1466,1285,3.26
1467,1271,3.36
1468,1059,2.63
1469,1282,3.31
1470,1480,3.54
1471,1254,3.12
1472,1214,2.94
1473,1011,2.56
1474,1537,3.66
1475,1390,3.63
1476,1536,3.65
1477,1065,2.47
1478,1434,3.73
1479,1362,3.39
1480,1560,4.05
1481,1417,3.53
1482,1370,3.36
1483,1075,2.87
1484,1512,3.61
1485,1048,2.46
1486,1429,3.42
1487,1245,3.2
1488,1399,3.68
1489,1301,3.06
1490,1400,3.64
1491,1070,2.84
1492,1359,3.52
1493,1023,2.39
1494,1065,2.64
1495,1281,3.25
1496,1231,3
1497,1465,3.79
1498,1113,2.62
1499,1072,2.8
1500,1527,3.9
1501,1418,3.41
1502,1342,3.41
1503,1521,3.99
1504,1246,3.12
1505,1094,2.92
1506,1325,3.43
1507,1281,3.1
1508,1483,3.55
1509,1022,2.56
1510,1259,3.31
1511,1053,2.81
1512,1442,3.69
1513,1127,2.88
1514,1037,2.42
1515,1091,2.8
1516,1146,2.96
1517,1568,4.06
1518,1360,3.53
1519,1245,3.02
1520,1464,3.64
1521,1093,2.74
1522,1153,2.7
1523,1437,3.57
1524,1494,3.91
1525,1197,3.06
1526,1120,2.76
1527,1344,3.22
1528,1361,3.57
1529,1069,2.51
1530,1535,3.8
1531,1184,2.93
1532,1129,2.63
1533,1550,3.94
1534,1423,3.4
1535,1273,3.09
1536,1259,3.28
1537,1525,3.64
1538,1390,3.5
1539,1480,3.59
1540,1482,3.86
1541,1442,3.75
1542,1528,3.89
1543,1437,3.55
1544,1211,3.04
1545,1547,4.04
1546,1115,2.65
1547,1406,3.42
1548,1332,3.27
1549,1360,3.22
1550,1401,3.62
1551,1544,3.93
1552,1488,3.7
1553,1492,3.62
1554,1529,3.92
1555,1186,2.88
1556,1070,2.69
1557,1459,3.83
1558,1032,2.43
1559,1175,3
1560,1227,2.9
1561,1224,3.1
1562,1374,3.27
1563,1280,3.12
1564,1485,3.69
1565,1522,3.63
1566,1160,2.72
1567,1240,3.15
1568,1518,3.7
1569,1176,2.83
1570,1243,3.25
1571,1297,3.31
1572,1145,2.91
1573,1490,3.56
1574,1506,3.69
1575,1304,3.24
1576,1097,2.62
1577,1361,3.4
1578,1454,3.82
1579,1534,4
1580,1360,3.25
1581,1423,3.47
1582,1484,3.89
1583,1099,2.89
1584,1043,2.69
1585,1100,2.93
1586,1364,3.6
1587,1308,3.26
1588,1263,3.03
1589,1176,2.88
1590,1016,2.35
1591,1182,3.02
1592,1412,3.39
1593,1166,2.89
1594,1277,3.15
1595,1569,4.1
1596,1292,3.2
1597,1084,2.68
1598,1112,2.71
1599,1242,3.07
1600,1126,2.72
1601,1097,2.65
1602,1453,3.46
1603,1574,3.94
1604,1296,3.41
1605,1351,3.24
1606,1500,3.68
1607,1404,3.4
1608,1466,3.52
1609,1272,3.15
1610,1358,3.44
1611,1086,2.87
1612,1273,3.31
1613,1329,3.31
1614,1547,3.85
1615,1167,3
1616,1562,3.95
1617,1132,2.91
1618,1418,3.42
1619,1095,2.8
1620,1148,2.95
1621,1522,3.89
1622,1060,2.57
1623,1218,2.88
1624,1092,2.85
1625,1396,3.31
1626,1276,3.12
1627,1252,2.97
1628,1385,3.56
1629,1332,3.26
1630,1015,2.58
1631,1044,2.59
1632,1527,3.64
1633,1578,3.83
1634,1173,2.76
1635,1303,3.4
1636,1037,2.79
1637,1069,2.76
1638,1313,3.37
1639,1195,3.01
1640,1346,3.21
1641,1430,3.46
1642,1562,3.74
1643,1041,2.54
1644,1077,2.72
1645,1549,3.86
1646,1115,2.97
1647,1235,3.18
1648,1173,3.13
1649,1128,2.84
1650,1499,3.74
1651,1388,3.49
1652,1267,3.15
1653,1173,2.84
1654,1061,2.46
1655,1125,2.91
1656,1339,3.53
1657,1036,2.62
1658,1441,3.71
1659,1141,2.84
1660,1427,3.43
1661,1543,4.03
1662,1549,3.85
1663,1491,3.77
1664,1311,3.2
1665,1206,2.87
1666,1576,3.74
1667,1214,3.22
1668,1151,3.07
1669,1464,3.72
1670,1045,2.65
1671,1114,2.98
1672,1400,3.3
1673,1228,3
1674,1176,2.8
1675,1388,3.33
1676,1460,3.68
1677,1362,3.5
1678,1081,2.54
1679,1429,3.4
1680,1471,3.55
1681,1284,3.01
1682,1548,3.81
1683,1242,3.11
1684,1379,3.39
1685,1028,2.64
1686,1555,3.7
1687,1421,3.65
1688,1181,2.98
1689,1474,3.59
1690,1334,3.23
1691,1381,3.65
1692,1093,2.77
1693,1280,3.36
1694,1157,3.06
1695,1034,2.43
1696,1252,3.24
1697,1407,3.33
1698,1465,3.61
1699,1542,3.73
1700,1219,3.09
1701,1008,2.59
1702,1179,3
1703,1498,3.79
1704,1487,3.86
1705,1220,3.16
1706,1376,3.53
1707,1521,3.97
1708,1333,3.33
1709,1401,3.4
1710,1573,4.09
1711,1432,3.67
1712,1449,3.61
1713,1448,3.82
1714,1086,2.56
1715,1325,3.36
1716,1321,3.12
1717,1353,3.52
1718,1485,3.71
1719,1016,2.57
1720,1370,3.5
1721,1293,3.17
1722,1229,2.99
1723,1178,2.92
1724,1016,2.61
1725,1401,3.64
1726,1445,3.8
1727,1091,2.66
1728,1020,2.62
1729,1090,2.74
1730,1510,3.94
1731,1408,3.46
1732,1335,3.52
1733,1003,2.65
1734,1329,3.42
1735,1387,3.54
1736,1528,3.65
1737,1012,2.39
1738,1158,2.74
1739,1195,2.99
1740,1302,3.2
1741,1416,3.4
1742,1401,3.37
1743,1124,2.86
1744,1226,2.89
1745,1552,3.81
1746,1184,3.16
1747,1053,2.82
1748,1152,2.73
1749,1276,3.03
1750,1552,3.99
1751,1525,3.8
1752,1069,2.51
1753,1513,3.95
1754,1033,2.56
1755,1101,2.58
1756,1301,3.37
1757,1446,3.45
1758,1027,2.48
1759,1559,3.9
1760,1011,2.62
1761,1127,2.93
1762,1339,3.47
1763,1062,2.55
1764,1083,2.68
1765,1348,3.36
1766,1282,3.08
1767,1345,3.37
1768,1282,3.14
1769,1330,3.52
1770,1121,2.9
1771,1382,3.39
1772,1196,2.83
1773,1297,3.25
1774,1048,2.44
1775,1171,3.02
1776,1068,2.55
1777,1175,2.88
1778,1175,2.81
1779,1117,2.99
1780,1066,2.73
1781,1446,3.69
1782,1565,3.85
1783,1181,3.06
1784,1145,2.71
1785,1512,3.77
1786,1009,2.34
1787,1198,2.85
1788,1039,2.79
1789,1124,2.8
1790,1063,2.67
1791,1201,3.14
1792,1286,3.41
1793,1518,3.67
1794,1223,3.06
1795,1176,2.93
1796,1116,2.69
1797,1233,2.92
1798,1345,3.33
1799,1238,2.97
1800,1463,3.52
1801,1008,2.38
1802,1487,3.6
1803,1209,2.91
1804,1207,3.14
1805,1561,3.98
1806,1374,3.41
1807,1186,2.92
1808,1515,3.6
1809,1014,2.68
1810,1399,3.31
1811,1457,3.72
1812,1507,3.83
1813,1258,3.23
1814,1215,3.03
1815,1229,3.12
1816,1020,2.43
1817,1388,3.32
1818,1061,2.59
1819,1557,3.95
1820,1173,2.86
1821,1182,2.93
1822,1408,3.5
1823,1410,3.39
1824,1343,3.3
1825,1452,3.56
1826,1486,3.87
1827,1090,2.88
1828,1237,3.16
1829,1565,3.84
1830,1543,3.96
1831,1121,2.8
1832,1280,3.12
1833,1351,3.19
1834,1211,3.06
1835,1339,3.17
1836,1396,3.68
1837,1366,3.56
1838,1492,3.91
1839,1037,2.74
1840,1492,3.87
1841,1453,3.51
1842,1480,3.54
1843,1218,3.15
1844,1053,2.72
1845,1100,2.82
1846,1465,3.6
1847,1409,3.62
1848,1493,3.64
1849,1479,3.84
1850,1377,3.48
1851,1266,3.31
1852,1576,3.83
1853,1119,2.85
1854,1126,2.87
1855,1044,2.47
1856,1422,3.37
1857,1457,3.73
1858,1184,3.09
1859,1260,3.14
1860,1180,2.93
1861,1185,3.14
1862,1162,2.74
1863,1086,2.54
1864,1382,3.28
1865,1392,3.62
1866,1214,3.04
1867,1002,2.6
1868,1451,3.48
1869,1224,3.06
1870,1329,3.2
1871,1041,2.56
1872,1322,3.19
1873,1490,3.86
1874,1331,3.4
1875,1378,3.52
1876,1266,3.09
1877,1447,3.7
1878,1203,3.05
1879,1167,3.09
1880,1526,3.7
1881,1426,3.69
1882,1440,3.51
1883,1529,3.69
1884,1130,2.9
1885,1208,3.1
1886,1518,3.92
1887,1311,3.21
1888,1228,3.01
1889,1030,2.53
1890,1077,2.87
1891,1110,2.84
1892,1141,2.96
1893,1101,2.81
1894,1002,2.55
1895,1496,3.9
1896,1438,3.57
1897,1514,3.68
1898,1135,2.67
1899,1453,3.71
1900,1342,3.26
1901,1436,3.67
1902,1387,3.64
1903,1433,3.57
1904,1531,3.99
1905,1076,2.74
1906,1472,3.63
1907,1286,3.13
1908,1305,3.15
1909,1320,3.25
1910,1453,3.58
1911,1321,3.47
1912,1094,2.67
1913,1138,2.89
1914,1330,3.36
1915,1125,2.69
1916,1377,3.52
1917,1136,2.94
1918,1248,3.05
1919,1042,2.42
1920,1088,2.9
1921,1533,3.89
1922,1036,2.75
1923,1460,3.83
1924,1187,3.08
1925,1431,3.51
1926,1188,3
1927,1128,2.96
1928,1295,3.21
1929,1404,3.5
1930,1363,3.21
1931,1049,2.49
1932,1222,2.97
1933,1450,3.55
1934,1382,3.6
1935,1057,2.66
1936,1349,3.47
1937,1411,3.49
1938,1572,3.87
1939,1458,3.78
1940,1482,3.68
1941,1141,3.03
1942,1235,3.08
1943,1222,3.19
1944,1386,3.54
1945,1515,3.77
1946,1147,2.67
1947,1176,2.85
1948,1366,3.41
1949,1493,3.9
1950,1221,3.07
1951,1438,3.71
1952,1096,2.68
1953,1457,3.7
1954,1187,2.77
1955,1264,3.03
1956,1579,3.93
1957,1211,3.01
1958,1157,2.71
1959,1382,3.35
1960,1289,3.02
1961,1427,3.73
1962,1135,2.84
1963,1298,3.23
1964,1415,3.58
1965,1403,3.45
1966,1027,2.43
1967,1074,2.77
1968,1418,3.52
1969,1437,3.77
1970,1116,2.98
1971,1347,3.39
1972,1544,3.67
1973,1494,3.54
1974,1475,3.67
1975,1437,3.39
1976,1316,3.28
1977,1136,2.93
1978,1209,3.1
1979,1019,2.57
1980,1412,3.59
1981,1453,3.77
1982,1304,3.45
1983,1232,2.92
1984,1030,2.74
1985,1567,3.77
1986,1525,3.96
1987,1152,3.07
1988,1220,3.2
1989,1150,2.74
1990,1510,3.62
1991,1376,3.54
1992,1058,2.49
1993,1406,3.68
1994,1098,2.81
1995,1383,3.34
1996,1164,2.87
1997,1192,2.94
1998,1176,2.97
1999,1323,3.24
2000,1421,3.72
2001,1509,3.59
2002,1083,2.76
2003,1464,3.46
2004,1357,3.2
2005,1325,3.34
2006,1563,3.81
2007,1433,3.73
2008,1279,3.36
2009,1562,3.98
2010,1492,3.8
2011,1154,2.86
2012,1400,3.57
2013,1564,3.97
2014,1285,3.29
2015,1133,2.84
2016,1196,3.12
2017,1369,3.61
2018,1192,2.84
2019,1243,3.13
2020,1314,3.37
2021,1569,4.09
2022,1325,3.12
2023,1255,3.2
2024,1252,3.18
2025,1461,3.85
2026,1333,3.29
2027,1249,2.93
2028,1477,3.52
2029,1387,3.61
2030,1111,2.79
2031,1208,3.11
2032,1335,3.26
2033,1193,2.83
2034,1401,3.41
2035,1177,2.84
2036,1482,3.82
2037,1190,2.94
2038,1078,2.65
2039,1053,2.46
2040,1093,2.74
2041,1337,3.37
2042,1153,2.93
2043,1373,3.56
2044,1218,3.11
2045,1110,2.73
2046,1401,3.64
2047,1544,3.67
2048,1388,3.28
2049,1283,3.03
2050,1220,3.12
2051,1414,3.71
2052,1271,3.28
2053,1134,2.64
2054,1485,3.85
2055,1527,3.79
2056,1417,3.49
2057,1508,3.94
2058,1046,2.5
2059,1209,2.91
2060,1104,2.57
2061,1404,3.63
2062,1063,2.73
2063,1557,4.01
2064,1254,2.96
2065,1143,2.74
2066,1016,2.46
2067,1356,3.58
2068,1035,2.67
2069,1455,3.78
2070,1425,3.53
2071,1511,3.89
2072,1283,3.11
2073,1238,2.91
2074,1287,3.41
2075,1147,3.03
2076,1567,4.04
2077,1130,2.92
2078,1034,2.42
2079,1398,3.41
2080,1132,2.83
2081,1405,3.52
2082,1077,2.67
2083,1449,3.48
2084,1246,3.08
2085,1098,2.71
2086,1243,2.93
2087,1342,3.45
2088,1254,3.22
2089,1331,3.14
2090,1034,2.43
2091,1269,3.1
2092,1163,2.82
2093,1318,3.35
2094,1127,2.72
2095,1394,3.4
2096,1011,2.61
2097,1578,3.81
2098,1200,2.93
2099,1024,2.55
2100,1043,2.74
2101,1368,3.33
2102,1579,3.81
2103,1320,3.4
2104,1319,3.16
2105,1317,3.31
2106,1254,3
2107,1297,3.37
2108,1302,3.06
2109,1558,3.96
2110,1160,3
2111,1455,3.61
2112,1353,3.54
2113,1527,3.75
2114,1534,3.74
2115,1268,3.06
2116,1197,3.1
2117,1262,3.04
2118,1545,3.95
2119,1499,3.7
2120,1324,3.42
2121,1544,3.71
2122,1395,3.48
2123,1116,2.71
2124,1454,3.55
2125,1282,3.33
2126,1439,3.51
2127,1045,2.7
2128,1446,3.72
2129,1548,4.05
2130,1085,2.55
2131,1473,3.76
2132,1210,2.9
2133,1084,2.65
2134,1060,2.56
2135,1322,3.5
2136,1295,3.29
2137,1580,3.78
2138,1052,2.49
2139,1422,3.42
2140,1411,3.36
2141,1373,3.55
2142,1215,3.21
2143,1461,3.69
2144,1249,2.92
2145,1477,3.74
2146,1286,3.32
2147,1466,3.65
2148,1178,3.06
2149,1031,2.65
2150,1051,2.44
2151,1451,3.76
2152,1500,3.94
2153,1221,3.01
2154,1464,3.8
2155,1460,3.8
2156,1373,3.52
2157,1533,3.98
2158,1454,3.8
2159,1535,3.89
2160,1154,2.97
2161,1500,3.75
2162,1354,3.37
2163,1127,2.67
2164,1339,3.37
2165,1079,2.58
2166,1573,3.84
2167,1163,2.9
2168,1288,3.19
2169,1054,2.56
2170,1234,3.21
2171,1075,2.62
2172,1216,2.85
2173,1575,4.08
2174,1092,2.9
2175,1161,2.89
2176,1366,3.51
2177,1104,2.58
2178,1523,3.74
2179,1467,3.71
2180,1342,3.22
2181,1254,3.3
2182,1124,3.01
2183,1166,2.8
2184,1479,3.7
2185,1393,3.6
2186,1148,3.06
2187,1451,3.64
2188,1468,3.63
2189,1139,2.7
2190,1273,3.04
2191,1124,2.68
2192,1034,2.4
2193,1233,3.14
2194,1020,2.42
2195,1351,3.42
2196,1439,3.79
2197,1286,3.17
2198,1289,3.08
2199,1000,2.49
2200,1140,3.04
2201,1476,3.66
2202,1208,2.99
2203,1366,3.52
2204,1447,3.44
2205,1557,3.71
2206,1126,2.69
2207,1485,3.62
2208,1173,2.85
2209,1047,2.66
2210,1524,3.89
2211,1560,3.78
2212,1429,3.64
2213,1542,4.03
2214,1535,4
2215,1078,2.56
2216,1168,2.82
2217,1419,3.68
2218,1005,2.38
2219,1436,3.69
2220,1107,2.59
2221,1528,3.79
2222,1171,2.99
2223,1288,3.16
2224,1458,3.49
2225,1422,3.74
2226,1346,3.27
2227,1317,3.28
2228,1404,3.37
2229,1023,2.44
2230,1345,3.35
2231,1002,2.54
2232,1474,3.56
2233,1401,3.45
2234,1075,2.85
2235,1151,2.92
2236,1397,3.33
2237,1540,3.78
2238,1313,3.34
2239,1190,2.99
2240,1162,2.99
2241,1332,3.15
2242,1146,3.03
2243,1014,2.53
2244,1190,3.09
2245,1021,2.61
2246,1477,3.56
2247,1367,3.45
2248,1094,2.8
2249,1408,3.67
2250,1288,3.38
2251,1092,2.73
2252,1114,2.86
2253,1551,3.81
2254,1218,3.09
2255,1018,2.63
2256,1278,3.31
2257,1314,3.23
2258,1194,3.11
2259,1512,3.79
2260,1468,3.7
2261,1536,3.89
2262,1397,3.6
2263,1512,3.87
2264,1284,3.07
2265,1504,3.61
2266,1575,4.02
2267,1511,3.76
2268,1307,3.36
2269,1414,3.53
2270,1354,3.46
2271,1402,3.66
2272,1134,2.91
2273,1351,3.52
2274,1382,3.56
2275,1288,3.08
2276,1315,3.37
2277,1396,3.59
2278,1461,3.74
2279,1103,2.77
2280,1030,2.75
2281,1283,3.06
2282,1125,2.89
2283,1521,3.8
2284,1429,3.37
2285,1194,3.07
2286,1456,3.59
2287,1336,3.38
2288,1317,3.27
2289,1433,3.43
2290,1555,3.72
2291,1070,2.72
2292,1028,2.62
2293,1580,3.85
2294,1309,3.38
2295,1120,2.62
2296,1278,3.02
2297,1109,2.96
2298,1130,2.73
2299,1436,3.68
2300,1317,3.15
2301,1328,3.29
2302,1556,4.02
2303,1254,3.14
2304,1410,3.64
2305,1253,3
2306,1041,2.5
2307,1357,3.59
2308,1362,3.56
2309,1287,3.34
2310,1351,3.48
2311,1455,3.81
2312,1161,3.02
2313,1395,3.69
2314,1227,2.98
2315,1476,3.58
2316,1009,2.45
2317,1475,3.75
2318,1412,3.67
2319,1007,2.41
2320,1544,3.77
2321,1427,3.53
2322,1479,3.66
2323,1540,3.94
2324,1333,3.48
2325,1103,2.87
2326,1069,2.78
2327,1465,3.56
2328,1532,4.03
2329,1565,4.11
2330,1284,3.13
2331,1363,3.56
2332,1252,3.08
2333,1500,3.86
2334,1511,3.73
2335,1048,2.65
2336,1214,3.11
2337,1545,3.93
2338,1504,3.71
2339,1467,3.76
2340,1367,3.22
2341,1112,2.76
2342,1077,2.85
2343,1310,3.44
2344,1372,3.61
2345,1006,2.63
2346,1393,3.54
2347,1569,3.97
2348,1558,3.88
2349,1173,2.92
2350,1434,3.53
2351,1229,3.24
2352,1417,3.6
2353,1066,2.48
2354,1070,2.48
2355,1264,3.14
2356,1079,2.51
2357,1061,2.59
2358,1342,3.16
2359,1512,3.59
2360,1241,3.21
2361,1401,3.65
2362,1457,3.48
2363,1050,2.66
2364,1037,2.77
2365,1428,3.61
2366,1122,2.82
2367,1574,3.9
2368,1463,3.79
2369,1057,2.56
2370,1092,2.64
2371,1544,4.04
2372,1233,3.18
2373,1073,2.54
2374,1074,2.55
2375,1089,2.91
2376,1260,3.21
2377,1348,3.43
2378,1339,3.25
2379,1508,3.91
2380,1253,3.3
2381,1458,3.71
2382,1300,3.13
2383,1149,2.75
2384,1291,3.37
2385,1046,2.79
2386,1558,3.83
2387,1159,3.04
2388,1213,2.85
2389,1148,2.84
2390,1207,3.1
2391,1110,2.89
2392,1449,3.81
2393,1129,2.95
2394,1443,3.6
2395,1137,2.81
2396,1192,3.07
2397,1008,2.6
2398,1163,2.85
2399,1124,2.81
2400,1254,3.14
2401,1498,3.85
2402,1344,3.53
2403,1420,3.61
2404,1203,3.12
2405,1385,3.58
2406,1436,3.75
2407,1045,2.76
2408,1057,2.57
2409,1218,3.16
2410,1233,2.89
2411,1323,3.21
2412,1414,3.34
2413,1437,3.65
2414,1489,3.89
2415,1542,3.82
2416,1367,3.43
2417,1271,3.33
2418,1463,3.48
2419,1356,3.56
2420,1428,3.39
2421,1009,2.33
2422,1396,3.65
2423,1409,3.49
2424,1190,2.82
2425,1429,3.64
2426,1158,2.84
2427,1042,2.52
2428,1430,3.64
2429,1544,3.86
2430,1506,3.6
2431,1546,3.84
2432,1504,3.74
2433,1010,2.61
2434,1195,3.04
2435,1136,2.87
2436,1364,3.54
2437,1005,2.58
2438,1469,3.86
2439,1159,2.97
2440,1284,3.22
2441,1166,3.1
2442,1041,2.67
2443,1023,2.51
2444,1566,3.96
2445,1036,2.56
2446,1544,3.7
2447,1325,3.48
2448,1531,3.77
2449,1221,3.06
2450,1326,3.25
2451,1454,3.52
2452,1020,2.36
2453,1189,2.95
2454,1079,2.84
2455,1353,3.23
2456,1100,2.67
2457,1193,3.06
2458,1407,3.38
2459,1571,4.1
2460,1057,2.74
2461,1302,3.44
2462,1579,3.79
2463,1234,3.24
2464,1358,3.58
2465,1072,2.84
2466,1024,2.6
2467,1485,3.61
2468,1461,3.53
2469,1046,2.77
2470,1177,3.08
2471,1376,3.57
2472,1294,3.1
2473,1238,3.09
2474,1002,2.38
2475,1281,3.31
2476,1197,3.08
2477,1456,3.72
2478,1470,3.85
2479,1215,2.87
2480,1372,3.35
2481,1173,2.85
2482,1055,2.72
2483,1014,2.69
2484,1333,3.35
2485,1443,3.69
2486,1340,3.37
2487,1303,3.37
2488,1443,3.62
2489,1410,3.52
2490,1337,3.22
2491,1523,3.69
2492,1454,3.56
2493,1182,3.03
2494,1526,3.75
2495,1024,2.67
2496,1341,3.55
2497,1477,3.74
2498,1243,2.93
2499,1065,2.52
2500,1458,3.55
2501,1321,3.49
2502,1066,2.59
2503,1138,2.79
2504,1522,3.88
2505,1232,3.14
2506,1532,3.85
2507,1566,3.72
2508,1155,2.9
2509,1248,3.31
2510,1533,3.99
2511,1057,2.57
2512,1076,2.7
2513,1521,3.81
2514,1151,3.06
2515,1035,2.6
2516,1343,3.55
2517,1108,2.7
2518,1197,3.07
2519,1126,2.62
2520,1569,3.98
2521,1090,2.76
2522,1151,2.8
2523,1322,3.41
2524,1078,2.79
2525,1580,4.05
2526,1339,3.45
2527,1220,2.98
2528,1360,3.3
2529,1156,2.95
2530,1040,2.48
2531,1121,2.67
2532,1018,2.49
2533,1029,2.62
2534,1340,3.23
2535,1432,3.48
2536,1498,3.93
2537,1396,3.49
2538,1143,2.8
2539,1513,3.6
2540,1115,2.98
2541,1229,2.94
2542,1554,3.99
2543,1425,3.49
2544,1152,2.87
2545,1242,2.97
2546,1130,2.74
2547,1461,3.54
2548,1363,3.22
2549,1258,2.99
2550,1569,3.89
2551,1303,3.39
2552,1255,3.19
2553,1039,2.59
2554,1092,2.9
2555,1132,2.89
2556,1517,3.61
2557,1376,3.4
2558,1022,2.53
2559,1377,3.25
2560,1355,3.45
2561,1432,3.69
2562,1021,2.73
2563,1517,3.65
2564,1432,3.66
2565,1089,2.61
2566,1414,3.52
2567,1419,3.67
2568,1340,3.24
2569,1057,2.64
2570,1256,3.04
2571,1191,2.94
2572,1140,2.93
2573,1224,3
2574,1046,2.52
2575,1398,3.54
2576,1242,2.96
2577,1401,3.59
2578,1174,3.1
2579,1378,3.57
2580,1518,3.73
2581,1293,3.39
2582,1564,4.01
2583,1345,3.35
2584,1039,2.54
2585,1400,3.48
2586,1468,3.59
2587,1016,2.43
2588,1043,2.42
2589,1101,2.66
2590,1366,3.51
2591,1371,3.3
2592,1094,2.78
2593,1132,2.88
2594,1513,3.84
2595,1199,2.8
2596,1256,2.98
2597,1554,4.07
2598,1211,3.08
2599,1249,3.17
2600,1295,3.09
2601,1370,3.23
2602,1365,3.35
2603,1483,3.87
2604,1122,2.97
2605,1033,2.62
2606,1249,3.27
2607,1362,3.55
2608,1118,2.74
2609,1278,3.09
2610,1347,3.53
2611,1185,2.88
2612,1283,3.32
2613,1377,3.56
2614,1225,3.26
2615,1468,3.49
2616,1392,3.35
2617,1097,2.66
2618,1472,3.62
2619,1547,4.06
2620,1542,4
2621,1120,2.86
2622,1208,2.9
2623,1221,3.23
2624,1539,3.78
2625,1186,2.85
2626,1209,2.95
2627,1268,3.19
2628,1000,2.36
2629,1329,3.51
2630,1105,2.86
2631,1572,4.11
2632,1151,2.78
2633,1488,3.72
2634,1244,3
2635,1254,3.19
2636,1525,3.93
2637,1538,3.78
2638,1440,3.75
2639,1230,3.18
2640,1243,2.91
2641,1418,3.55
2642,1068,2.59
2643,1512,3.98
2644,1488,3.7
2645,1483,3.83
2646,1203,2.95
2647,1216,3.16
2648,1014,2.44
2649,1104,2.78
2650,1020,2.7
2651,1041,2.71
2652,1325,3.11
2653,1410,3.62
2654,1492,3.84
2655,1040,2.75
2656,1465,3.59
2657,1576,4.02
2658,1173,2.89
2659,1379,3.25
2660,1449,3.76
2661,1262,3.22
2662,1133,2.96
2663,1038,2.75
2664,1241,3.29
2665,1011,2.64
2666,1038,2.53
2667,1042,2.63
2668,1511,3.72
2669,1242,3.09
2670,1575,3.74
2671,1494,3.93
2672,1235,3.2
2673,1276,3.37
2674,1196,2.99
2675,1504,3.87
2676,1148,2.86
2677,1531,3.78
2678,1026,2.64
2679,1356,3.52
2680,1437,3.66
2681,1484,3.67
2682,1375,3.5
2683,1393,3.36
2684,1288,3.19
2685,1163,3.03
2686,1027,2.43
2687,1481,3.7
2688,1480,3.8
2689,1156,2.84
2690,1273,3.01
2691,1273,3.3
2692,1215,3.04
2693,1277,3.31
2694,1312,3.18
2695,1098,2.93
2696,1021,2.46
2697,1019,2.63
2698,1521,3.8
2699,1351,3.55
2700,1258,3.13
2701,1456,3.45
2702,1075,2.81
2703,1028,2.45
2704,1575,3.78
2705,1278,3.32
2706,1336,3.22
2707,1197,2.84
2708,1153,2.77
2709,1405,3.45
2710,1274,3.35
2711,1102,2.9
2712,1248,3.23
2713,1465,3.75
2714,1075,2.81
2715,1409,3.36
2716,1179,2.99
2717,1320,3.17
2718,1511,3.81
2719,1143,2.84
2720,1006,2.59
2721,1477,3.7
2722,1462,3.73
2723,1331,3.21
2724,1333,3.33
2725,1333,3.37
2726,1486,3.72
2727,1406,3.42
2728,1574,3.82
2729,1073,2.7
2730,1533,3.96
2731,1442,3.55
2732,1561,3.96
2733,1160,2.85
2734,1469,3.78
2735,1393,3.34
2736,1095,2.82
2737,1202,3.18
2738,1409,3.46
2739,1064,2.51
2740,1072,2.82
2741,1040,2.63
2742,1565,3.92
2743,1144,2.72
2744,1120,2.6
2745,1022,2.42
2746,1041,2.7
2747,1227,2.94
2748,1035,2.6
2749,1184,2.99
2750,1302,3.3
2751,1361,3.41
2752,1210,3.03
2753,1208,3.04
2754,1362,3.57
2755,1427,3.69
2756,1041,2.78
2757,1333,3.21
2758,1507,3.81
2759,1206,2.98
2760,1267,3
2761,1026,2.75
2762,1417,3.42
2763,1352,3.54
2764,1013,2.55
2765,1202,2.99
2766,1360,3.21
2767,1228,3.03
2768,1216,3.13
2769,1045,2.64
2770,1261,3.28
2771,1470,3.59
2772,1369,3.32
2773,1450,3.53
2774,1489,3.72
2775,1417,3.5
2776,1235,3.09
2777,1007,2.44
2778,1197,3
2779,1085,2.63
2780,1476,3.83
2781,1003,2.39
2782,1250,3
2783,1505,3.93
2784,1138,2.76
2785,1261,3.21
2786,1242,2.97
2787,1054,2.6
2788,1550,3.72
2789,1091,2.59
2790,1103,2.7
2791,1500,3.78
2792,1190,3.13
2793,1081,2.54
2794,1563,3.89
2795,1547,3.96
2796,1013,2.73
2797,1041,2.74
2798,1139,2.81
2799,1459,3.58
2800,1560,3.91
2801,1576,3.92
2802,1443,3.45
2803,1513,3.98
2804,1558,3.81
2805,1463,3.65
2806,1351,3.4
2807,1345,3.56
2808,1465,3.63
2809,1312,3.25
2810,1219,3.22
2811,1219,3.2
2812,1325,3.23
2813,1148,3.03
2814,1498,3.69
2815,1454,3.57
2816,1347,3.53
2817,1566,4.01
2818,1252,2.95
2819,1345,3.23
2820,1312,3.44
2821,1271,3.03
2822,1120,2.84
2823,1541,4.05
2824,1235,3.24
2825,1454,3.8
2826,1112,2.71
2827,1346,3.41
2828,1555,3.74
2829,1234,2.95
2830,1446,3.8
2831,1522,3.85
2832,1140,2.93
2833,1156,2.77
2834,1286,3.24
2835,1099,2.8
2836,1435,3.49
2837,1248,3.27
2838,1264,2.98
2839,1520,3.64
2840,1496,3.91
2841,1336,3.46
2842,1264,3.05
2843,1132,2.86
2844,1217,2.92
2845,1218,3.21
2846,1108,2.73
2847,1198,2.96
2848,1523,3.64
2849,1449,3.55
2850,1044,2.59
2851,1330,3.42
2852,1041,2.57
2853,1275,3.25
2854,1578,3.9
2855,1052,2.61
2856,1515,3.68
2857,1497,3.61
2858,1066,2.86
2859,1343,3.43
2860,1181,2.78
2861,1439,3.43
2862,1016,2.43
2863,1341,3.2
2864,1269,3.04
2865,1190,2.81
2866,1290,3.14
2867,1358,3.58
2868,1525,3.9
2869,1351,3.4
2870,1489,3.88
2871,1436,3.44
2872,1083,2.74
2873,1255,3.1
2874,1215,3.17
2875,1133,2.97
2876,1295,3.39
2877,1154,2.85
2878,1078,2.58
2879,1140,3
2880,1180,2.96
2881,1185,3.07
2882,1224,3.05
2883,1081,2.88
2884,1325,3.29
2885,1141,3.05
2886,1447,3.57
2887,1053,2.77
2888,1542,3.8
2889,1186,3.02
2890,1301,3.24
2891,1233,2.99
2892,1335,3.18
2893,1219,3.23
2894,1343,3.49
2895,1225,3.24
2896,1031,2.43
2897,1553,4
2898,1399,3.69
2899,1411,3.62
2900,1124,2.81
2901,1152,2.91
2902,1158,2.88
2903,1267,3.02
2904,1140,2.98
2905,1389,3.47
2906,1495,3.93
2907,1392,3.67
2908,1419,3.63
2909,1059,2.57
2910,1359,3.36
2911,1110,2.92
2912,1438,3.47
2913,1440,3.79
2914,1465,3.84
2915,1054,2.66
2916,1163,2.71
2917,1231,3.11
2918,1258,3.08
2919,1243,3.15
2920,1520,3.6
2921,1108,2.77
2922,1167,2.81
2923,1511,3.68
2924,1052,2.69
2925,1435,3.39
2926,1205,3.16
2927,1165,2.96
2928,1281,3.08
2929,1120,2.87
2930,1143,2.89
2931,1091,2.77
2932,1242,2.99
2933,1075,2.53
2934,1350,3.19
2935,1458,3.46
2936,1038,2.53
2937,1328,3.37
2938,1028,2.75
2939,1048,2.58
2940,1417,3.69
2941,1256,3.05
2942,1292,3.21
2943,1562,3.99
2944,1229,3.13
2945,1485,3.86
2946,1374,3.38
2947,1063,2.8
2948,1081,2.6
2949,1262,3.09
2950,1094,2.88
2951,1350,3.25
2952,1348,3.25
2953,1037,2.57
2954,1560,4.04
2955,1070,2.76
2956,1049,2.72
2957,1210,3.05
2958,1412,3.36
2959,1256,3.2
2960,1149,2.69
2961,1296,3.13
2962,1098,2.59
2963,1407,3.55
2964,1505,3.9
2965,1338,3.19
2966,1265,3.21
2967,1046,2.53
2968,1337,3.41
2969,1068,2.81
2970,1140,2.73
2971,1436,3.46
2972,1307,3.33
2973,1209,3.12
2974,1281,3.15
2975,1429,3.56
2976,1096,2.81
2977,1443,3.5
2978,1128,2.63
2979,1297,3.13
2980,1397,3.31
2981,1288,3.34
2982,1116,2.59
2983,1036,2.74
2984,1022,2.62
2985,1505,3.83
2986,1379,3.64
2987,1135,2.98
2988,1458,3.78
2989,1068,2.7
2990,1334,3.51
2991,1069,2.87
2992,1079,2.78
2993,1133,2.98
2994,1561,3.84
2995,1383,3.39
2996,1038,2.48
2997,1569,4.06
2998,1149,2.86
2999,1470,3.57
3000,1478,3.71
3001,1312,3.13
3002,1121,2.64
3003,1151,2.72
3004,1196,3.02
3005,1243,2.93
3006,1367,3.53
3007,1033,2.39
3008,1233,3.02
3009,1496,3.82
3010,1167,2.95
3011,1525,3.96
3012,1064,2.75
3013,1507,3.87
3014,1065,2.53
3015,1310,3.16
3016,1193,3.08
3017,1181,2.91
3018,1393,3.41
3019,1399,3.56
3020,1185,3.08
3021,1130,2.89
3022,1087,2.71
3023,1378,3.25
3024,1309,3.25
3025,1501,3.87
3026,1063,2.6
3027,1244,3.21
3028,1159,2.98
3029,1443,3.53
3030,1466,3.64
3031,1448,3.69
3032,1111,2.69
3033,1175,3.11
3034,1005,2.59
3035,1448,3.7
3036,1206,3.21
3037,1531,3.96
3038,1404,3.66
3039,1322,3.16
3040,1483,3.74
3041,1178,2.84
3042,1269,3
3043,1565,3.98
3044,1291,3.39
3045,1576,4.11
3046,1125,2.88
3047,1262,3.07
3048,1517,3.7
3049,1070,2.7
3050,1454,3.62
3051,1081,2.51
3052,1503,3.84
3053,1428,3.42
3054,1303,3.26
3055,1016,2.47
3056,1044,2.77
3057,1356,3.31
3058,1562,3.82
3059,1551,4.06
3060,1570,3.83
3061,1083,2.73
3062,1053,2.72
3063,1412,3.68
3064,1418,3.57
3065,1462,3.51
3066,1417,3.58
3067,1410,3.48
3068,1482,3.7
3069,1190,3.01
3070,1353,3.36
3071,1219,3.1
3072,1233,3.15
3073,1537,3.76
3074,1373,3.28
3075,1281,3.29
3076,1030,2.48
3077,1375,3.63
3078,1089,2.91
3079,1535,3.99
3080,1036,2.51
3081,1171,2.77
3082,1522,3.92
3083,1229,3.2
3084,1503,3.63
3085,1478,3.64
3086,1397,3.69
3087,1500,3.58
3088,1095,2.69
3089,1164,2.84
3090,1034,2.47
3091,1554,3.87
3092,1043,2.55
3093,1277,3.27
3094,1319,3.3
3095,1334,3.39
3096,1493,3.84
3097,1213,2.93
3098,1060,2.49
3099,1450,3.8
3100,1549,3.83
3101,1104,2.62
3102,1023,2.75
3103,1551,4.02
3104,1112,2.72
3105,1279,3.19
3106,1577,4.1
3107,1322,3.33
3108,1196,2.92
3109,1197,3.11
3110,1193,2.82
3111,1319,3.35
3112,1168,3.1
3113,1032,2.77
3114,1126,2.83
3115,1399,3.62
3116,1155,2.89
3117,1157,2.9
3118,1313,3.21
3119,1032,2.5
3120,1004,2.67
3121,1379,3.52
3122,1027,2.68
3123,1580,3.85
3124,1313,3.1
3125,1453,3.61
3126,1371,3.39
3127,1486,3.63
3128,1428,3.44
3129,1500,3.55
3130,1238,2.9
3131,1203,3.2
3132,1432,3.72
3133,1051,2.57
3134,1419,3.74
3135,1293,3.06
3136,1428,3.58
3137,1242,3.16
3138,1369,3.42
3139,1387,3.4
3140,1070,2.66
3141,1337,3.5
3142,1035,2.77
3143,1243,3.11
3144,1268,3.22
3145,1516,3.62
3146,1551,3.7
3147,1177,3.03
3148,1196,3.14
3149,1203,3.07
3150,1123,2.78
3151,1061,2.63
3152,1532,3.86
3153,1383,3.32
3154,1409,3.36
3155,1428,3.45
3156,1040,2.63
3157,1551,4.03
3158,1524,4
3159,1501,3.61
3160,1185,3.11
3161,1411,3.37
3162,1139,2.99
3163,1429,3.53
3164,1384,3.64
3165,1174,3
3166,1467,3.8
3167,1509,3.74
3168,1343,3.38
3169,1431,3.49
3170,1019,2.59
3171,1209,3.2
3172,1321,3.39
3173,1215,3.12
3174,1420,3.54
3175,1089,2.6
3176,1558,3.72
3177,1307,3.35
3178,1239,3.15
3179,1416,3.67
3180,1350,3.33
3181,1158,2.88
3182,1529,3.92
3183,1375,3.61
3184,1019,2.41
3185,1046,2.51
3186,1561,3.74
3187,1414,3.73
3188,1064,2.49
3189,1092,2.87
3190,1388,3.63
3191,1050,2.8
3192,1102,2.95
3193,1049,2.44
3194,1262,3.27
3195,1567,4.11
3196,1471,3.76
3197,1531,3.85
3198,1150,2.89
3199,1429,3.54
3200,1122,2.69
3201,1312,3.09
3202,1367,3.5
3203,1295,3.32
3204,1214,3.06
3205,1573,3.88
3206,1171,2.88
3207,1306,3.31
3208,1332,3.16
3209,1074,2.51
3210,1567,4.11
3211,1534,3.67
3212,1375,3.47
3213,1039,2.44
3214,1144,2.78
3215,1157,2.73
3216,1128,2.89
3217,1430,3.43
3218,1114,2.63
3219,1433,3.69
3220,1366,3.49
3221,1156,2.7
3222,1469,3.57
3223,1268,3.03
3224,1047,2.5
3225,1031,2.51
3226,1120,2.88
3227,1076,2.54
3228,1241,2.98
3229,1150,2.84
3230,1069,2.52
3231,1221,2.89
3232,1454,3.82
3233,1335,3.41
3234,1546,3.94
3235,1543,3.73
3236,1067,2.55
3237,1430,3.39
3238,1578,4.03
3239,1571,4.12
3240,1055,2.79
3241,1207,2.98
3242,1135,2.81
3243,1464,3.86
3244,1265,3.19
3245,1424,3.49
3246,1241,3.25
3247,1114,2.7
3248,1276,3.27
3249,1277,3.27
3250,1492,3.67
3251,1052,2.44
3252,1200,2.93
3253,1415,3.62
3254,1161,2.84
3255,1392,3.5
3256,1374,3.32
3257,1427,3.76
3258,1462,3.83
3259,1141,2.79
3260,1252,3.29
3261,1011,2.52
3262,1240,3.13
3263,1510,3.63
3264,1152,2.98
3265,1013,2.56
3266,1134,2.82
3267,1069,2.65
3268,1041,2.5
3269,1469,3.79
3270,1469,3.83
3271,1262,3
3272,1322,3.3
3273,1308,3.24
3274,1501,3.6
3275,1351,3.49
3276,1019,2.49
3277,1186,3.13
3278,1311,3.28
3279,1530,3.84
3280,1444,3.57
3281,1121,2.63
3282,1554,3.8
3283,1182,2.79
3284,1422,3.71
3285,1107,2.92
3286,1494,3.71
3287,1235,2.89
3288,1320,3.43
3289,1459,3.7
3290,1295,3.09
3291,1271,3.14
3292,1406,3.52
3293,1322,3.26
3294,1043,2.43
3295,1145,2.86
3296,1348,3.31
3297,1357,3.52
3298,1365,3.33
3299,1008,2.44
3300,1520,3.64
3301,1047,2.43
3302,1206,2.91
3303,1505,3.77
3304,1168,2.9
3305,1442,3.64
3306,1450,3.73
3307,1122,2.68
3308,1390,3.3
3309,1108,2.86
3310,1096,2.91
3311,1234,3.24
3312,1368,3.4
3313,1142,3.05
3314,1104,2.92
3315,1550,3.71
3316,1392,3.29
3317,1008,2.63
3318,1500,3.7
3319,1404,3.35
3320,1015,2.53
3321,1082,2.69
3322,1359,3.24
3323,1068,2.82
3324,1358,3.55
3325,1053,2.82
3326,1014,2.64
3327,1053,2.52
3328,1232,3.05
3329,1234,3.06
3330,1040,2.64
3331,1357,3.54
3332,1306,3.28
3333,1492,3.88
3334,1159,2.9
3335,1090,2.61
3336,1009,2.58
3337,1335,3.21
3338,1397,3.52
3339,1333,3.49
3340,1041,2.76
3341,1160,2.82
3342,1066,2.85
3343,1263,2.98
3344,1014,2.73
3345,1495,3.94
3346,1020,2.44
3347,1125,2.85
3348,1210,2.99
3349,1254,3
3350,1361,3.39
3351,1446,3.47
3352,1549,3.98
3353,1217,3.06
3354,1269,3.2
3355,1452,3.78
3356,1105,2.94
3357,1271,3.09
3358,1503,3.57
3359,1087,2.84
3360,1221,2.99
3361,1535,3.79
3362,1450,3.62
3363,1564,3.97
3364,1544,3.72
3365,1006,2.56
3366,1545,4
3367,1200,3.1
3368,1107,2.83
3369,1257,3.25
3370,1443,3.69
3371,1248,2.92
3372,1468,3.51
3373,1384,3.29
3374,1164,2.74
3375,1404,3.37
3376,1501,3.7
3377,1266,3.26
3378,1543,3.81
3379,1058,2.53
3380,1370,3.28
3381,1433,3.56
3382,1051,2.58
3383,1176,3.05
3384,1406,3.66
3385,1435,3.58
3386,1262,3.15
3387,1233,3.06
3388,1392,3.42
3389,1083,2.73
3390,1316,3.33
3391,1431,3.46
3392,1098,2.94
3393,1537,3.89
3394,1380,3.26
3395,1564,3.95
3396,1071,2.55
3397,1354,3.46
3398,1335,3.45
3399,1181,2.92
3400,1252,3.33
3401,1340,3.44
3402,1437,3.66
3403,1473,3.55
3404,1314,3.18
3405,1333,3.39
3406,1444,3.46
3407,1519,3.8
3408,1445,3.45
3409,1000,2.32
3410,1271,3.14
3411,1128,2.98
3412,1292,3.22
3413,1081,2.53
3414,1510,3.67
3415,1276,3.05
3416,1107,2.84
3417,1138,3.04
3418,1204,2.92
3419,1401,3.59
3420,1088,2.72
3421,1540,3.83
3422,1568,3.99
3423,1084,2.68
3424,1394,3.53
3425,1157,2.96
3426,1095,2.89
3427,1361,3.55
3428,1097,2.73
3429,1097,2.94
3430,1146,2.87
3431,1334,3.25
3432,1302,3.3
3433,1471,3.83
3434,1053,2.58
3435,1185,2.77
3436,1288,3.27
3437,1510,3.97
3438,1259,3.32
3439,1297,3.31
3440,1227,3.04
3441,1476,3.55
3442,1318,3.1
3443,1270,3.06
3444,1259,3.26
3445,1103,2.92
3446,1562,3.82
3447,1324,3.23
3448,1523,3.99
3449,1426,3.49
3450,1020,2.43
3451,1436,3.51
3452,1354,3.42
3453,1263,3.12
3454,1099,2.7
3455,1141,2.86
3456,1016,2.65
3457,1259,3.32
3458,1324,3.48
3459,1308,3.18
3460,1127,2.91
3461,1376,3.38
3462,1430,3.56
3463,1102,2.72
3464,1576,3.77
3465,1101,2.6
3466,1078,2.54
3467,1489,3.54
3468,1191,2.9
3469,1021,2.38
3470,1019,2.36
3471,1384,3.52
3472,1420,3.44
3473,1529,3.73
3474,1193,3.05
3475,1300,3.31
3476,1115,2.73
3477,1258,3.13
3478,1412,3.66
3479,1045,2.5
3480,1126,2.94
3481,1228,3.24
3482,1491,3.83
3483,1511,3.64
3484,1381,3.38
3485,1196,3.01
3486,1121,2.71
3487,1188,2.81
3488,1246,3.02
3489,1297,3.23
3490,1105,2.83
3491,1010,2.68
3492,1258,3.18
3493,1560,3.76
3494,1013,2.61
3495,1268,3.13
3496,1432,3.73
3497,1231,3.12
3498,1166,3
3499,1100,2.57
3500,1402,3.42
3501,1045,2.51
3502,1092,2.68
3503,1533,3.69
3504,1383,3.51
3505,1418,3.6
3506,1526,3.71
3507,1151,3.07
3508,1408,3.51
3509,1251,3.2
3510,1288,3.3
3511,1099,2.93
3512,1150,2.78
3513,1383,3.28
3514,1114,2.73
3515,1447,3.46
3516,1216,3.05
3517,1132,2.64
3518,1169,2.77
3519,1242,3.25
3520,1568,4
3521,1109,2.9
3522,1156,2.76
3523,1547,3.96
3524,1336,3.38
3525,1136,2.93
3526,1275,3.21
3527,1228,3.21
3528,1292,3.39
3529,1091,2.75
3530,1380,3.61
3531,1473,3.86
3532,1457,3.63
3533,1381,3.61
3534,1074,2.67
3535,1450,3.61
3536,1455,3.61
3537,1160,2.96
3538,1272,3.01
3539,1189,3
3540,1333,3.47
3541,1556,3.93
3542,1460,3.81
3543,1148,2.94
3544,1442,3.56
3545,1457,3.7
3546,1347,3.19
3547,1327,3.33
3548,1512,3.63
3549,1011,2.44
3550,1445,3.75
3551,1260,3.22
3552,1564,3.81
3553,1309,3.39
3554,1528,3.95
3555,1052,2.82
3556,1411,3.68
3557,1537,3.89
3558,1129,2.67
3559,1057,2.51
3560,1428,3.44
3561,1028,2.52
3562,1205,3.09
3563,1469,3.66
3564,1300,3.08
3565,1471,3.8
3566,1134,2.85
3567,1017,2.46
3568,1314,3.39
3569,1295,3.16
3570,1118,2.71
3571,1553,3.93
3572,1564,4.09
3573,1237,2.96
3574,1269,3.08
3575,1209,3.13
3576,1058,2.6
3577,1574,4.04
3578,1150,2.8
3579,1526,3.62
3580,1460,3.74
3581,1521,3.94
3582,1047,2.62
3583,1514,3.81
3584,1372,3.58
3585,1027,2.75
3586,1290,3.08
3587,1070,2.73
3588,1447,3.42
3589,1225,2.9
3590,1176,2.95
3591,1050,2.56
3592,1325,3.48
3593,1222,2.93
3594,1258,3.13
3595,1475,3.6
3596,1483,3.75
3597,1046,2.53
3598,1230,3.2
3599,1152,3.06
3600,1059,2.51
3601,1030,2.71
3602,1576,3.98
3603,1128,2.74
3604,1494,3.89
3605,1473,3.78
3606,1522,3.78
3607,1020,2.64
3608,1078,2.7
3609,1366,3.36
3610,1380,3.5
3611,1266,3.28
3612,1578,3.99
3613,1525,3.63
3614,1206,3.08
3615,1036,2.66
3616,1082,2.78
3617,1244,3.26
3618,1453,3.47
3619,1275,3.17
3620,1460,3.53
3621,1045,2.66
3622,1035,2.5
3623,1388,3.43
3624,1151,2.98
3625,1377,3.52
3626,1140,3.03
3627,1154,2.76
3628,1284,3.02
3629,1132,3.02
3630,1372,3.26
3631,1536,3.88
3632,1503,3.81
3633,1069,2.53
3634,1379,3.5
3635,1201,2.93
3636,1458,3.6
3637,1263,3.07
3638,1401,3.55
3639,1255,2.98
3640,1006,2.57
3641,1222,2.95
3642,1219,2.86
3643,1309,3.32
3644,1501,3.72
3645,1047,2.46
3646,1044,2.6
3647,1027,2.73
3648,1259,3.12
3649,1472,3.79
3650,1061,2.76
3651,1515,3.69
3652,1055,2.46
3653,1368,3.52
3654,1250,3.13
3655,1347,3.52
3656,1235,3.28
3657,1353,3.52
3658,1149,2.82
3659,1068,2.59
3660,1256,3.13
3661,1570,4.06
3662,1555,3.72
3663,1073,2.63
3664,1221,2.99
3665,1558,3.74
3666,1052,2.78
3667,1561,3.84
3668,1248,2.93
3669,1306,3.25
3670,1229,3.14
3671,1370,3.47
3672,1470,3.81
3673,1253,3.21
3674,1574,3.8
3675,1444,3.48
3676,1235,3.26
3677,1268,3.21
3678,1463,3.68
3679,1108,2.77
3680,1377,3.36
3681,1560,3.77
3682,1305,3.28
3683,1365,3.45
3684,1479,3.76
3685,1573,3.87
3686,1580,4.05
3687,1247,3.04
3688,1068,2.61
3689,1189,3.02
3690,1107,2.75
3691,1494,3.92
3692,1007,2.44
3693,1335,3.25
3694,1089,2.78
3695,1444,3.67
3696,1148,2.85
3697,1263,3.13
3698,1244,3.02
3699,1503,3.65
3700,1490,3.72
3701,1322,3.29
3702,1508,3.87
3703,1516,3.91
3704,1365,3.49
3705,1068,2.82
3706,1036,2.4
3707,1243,3.24
3708,1401,3.38
3709,1030,2.49
3710,1518,3.89
3711,1320,3.23
3712,1184,3.03
3713,1471,3.81
3714,1466,3.63
3715,1172,3.06
3716,1240,2.95
3717,1542,3.82
3718,1399,3.67
3719,1338,3.39
3720,1387,3.31
3721,1287,3.12
3722,1044,2.55
3723,1406,3.32
3724,1217,2.86
3725,1474,3.54
3726,1486,3.84
3727,1005,2.61
3728,1424,3.64
3729,1510,3.62
3730,1039,2.72
3731,1337,3.22
3732,1070,2.65
3733,1577,4.08
3734,1419,3.47
3735,1369,3.6
3736,1388,3.43
3737,1403,3.38
3738,1281,3.09
3739,1293,3.26
3740,1457,3.82
3741,1166,2.72
3742,1352,3.43
3743,1344,3.38
3744,1402,3.32
3745,1338,3.25
3746,1101,2.93
3747,1116,2.68
3748,1188,3.1
3749,1160,2.98
3750,1093,2.6
3751,1306,3.17
3752,1031,2.45
3753,1102,2.91
3754,1144,3.04
3755,1535,3.72
3756,1506,3.86
3757,1345,3.19
3758,1316,3.47
3759,1400,3.36
3760,1109,2.7
3761,1340,3.33
3762,1446,3.8
3763,1063,2.72
3764,1449,3.54
3765,1126,2.68
3766,1090,2.66
3767,1422,3.71
3768,1257,3.33
3769,1313,3.21
3770,1246,3.02
3771,1545,4.05
3772,1299,3.2
3773,1353,3.52
3774,1380,3.32
3775,1215,2.88
3776,1013,2.72
3777,1365,3.38
3778,1247,3.02
3779,1078,2.8
3780,1341,3.53
3781,1473,3.81
3782,1111,2.81
3783,1550,3.8
3784,1254,3.04
3785,1464,3.47
3786,1166,2.85
3787,1014,2.58
3788,1156,2.88
3789,1295,3.05
3790,1505,3.73
3791,1511,3.65
3792,1355,3.48
3793,1333,3.43
3794,1167,2.97
3795,1212,3.17
3796,1143,3.05
3797,1044,2.74
3798,1385,3.43
3799,1005,2.5
3800,1559,4.08
3801,1368,3.39
3802,1429,3.68
3803,1010,2.67
3804,1365,3.41
3805,1437,3.68
3806,1450,3.82
3807,1092,2.8
3808,1308,3.43
3809,1188,2.95
3810,1181,3.03
3811,1463,3.72
3812,1372,3.43
3813,1014,2.48
3814,1239,2.97
3815,1051,2.52
3816,1444,3.53
3817,1179,3.1
3818,1373,3.46
3819,1047,2.49
3820,1490,3.59
3821,1172,2.93
3822,1393,3.49
3823,1063,2.65
3824,1125,2.67
3825,1219,2.96
3826,1220,2.91
3827,1042,2.73
3828,1101,2.87
3829,1181,3.13
3830,1193,2.91
3831,1143,2.92
3832,1199,3.04
3833,1334,3.41
3834,1214,3.14
3835,1463,3.69
3836,1326,3.2
3837,1203,2.88
3838,1297,3.17
3839,1174,2.75
3840,1491,3.72
3841,1161,2.78
3842,1154,2.97
3843,1016,2.39
3844,1452,3.62
3845,1309,3.27
3846,1100,2.69
3847,1531,4.02
3848,1331,3.41
3849,1254,3.24
3850,1251,3.3
3851,1479,3.65
3852,1022,2.68
3853,1483,3.54
3854,1434,3.49
3855,1264,3.2
3856,1265,3.3
3857,1183,3
3858,1244,2.96
3859,1083,2.53
3860,1364,3.31
3861,1367,3.59
3862,1429,3.65
3863,1202,3.1
3864,1437,3.45
3865,1351,3.33
3866,1503,3.85
3867,1378,3.43
3868,1009,2.34
3869,1097,2.59
3870,1321,3.14
3871,1221,2.9
3872,1348,3.33
3873,1550,3.91
3874,1001,2.51
3875,1043,2.46
3876,1210,3.17
3877,1335,3.26
3878,1299,3.14
3879,1207,2.9
3880,1245,3.15
3881,1149,2.88
3882,1185,2.79
3883,1533,4.01
3884,1374,3.59
3885,1371,3.62
3886,1153,2.7
3887,1059,2.62
3888,1322,3.23
3889,1299,3.35
3890,1188,3.03
3891,1227,3
3892,1136,2.66
3893,1023,2.66
3894,1379,3.4
3895,1427,3.55
3896,1449,3.44
3897,1456,3.58
3898,1329,3.22
3899,1292,3.07
3900,1400,3.38
3901,1020,2.57
3902,1261,3.27
3903,1393,3.42
3904,1296,3.43
3905,1476,3.75
3906,1299,3.28
3907,1228,3.07
3908,1575,4.09
3909,1289,3.03
3910,1358,3.54
3911,1211,3.07
3912,1211,3
3913,1070,2.75
3914,1191,3.13
3915,1482,3.69
3916,1080,2.75
3917,1326,3.44
3918,1560,3.88
3919,1359,3.32
3920,1103,2.78
3921,1412,3.39
3922,1169,3.01
3923,1574,3.91
3924,1496,3.67
3925,1247,3.05
3926,1115,2.79
3927,1277,3.06
3928,1140,3.05
3929,1570,3.93
3930,1168,2.84
3931,1233,3.28
3932,1060,2.61
3933,1436,3.42
3934,1548,3.94
3935,1391,3.58
3936,1515,3.65
3937,1183,3.06
3938,1228,3.22
3939,1415,3.45
3940,1459,3.73
3941,1093,2.58
3942,1534,3.9
3943,1569,4.11
3944,1545,4.02
3945,1579,3.9
3946,1394,3.62
3947,1362,3.55
3948,1171,2.85
3949,1427,3.42
3950,1151,2.91
3951,1534,3.94
3952,1210,3.17
3953,1577,3.78
3954,1468,3.7
3955,1232,3
3956,1233,2.93
3957,1246,3.16
3958,1280,3.3
3959,1101,2.91
3960,1489,3.66
3961,1264,3.29
3962,1249,2.97
3963,1321,3.31
3964,1147,3.02
3965,1046,2.8
3966,1569,3.99
3967,1034,2.53
3968,1243,3.22
3969,1507,3.66
3970,1307,3.27
3971,1506,3.93
3972,1237,3.03
3973,1579,4.05
3974,1005,2.55
3975,1410,3.67
3976,1137,2.8
3977,1527,3.69
3978,1323,3.28
3979,1385,3.34
3980,1496,3.88
3981,1207,3.21
3982,1327,3.17
3983,1385,3.51
3984,1047,2.74
3985,1569,3.9
3986,1253,2.99
3987,1555,3.86
3988,1437,3.62
3989,1486,3.6
3990,1376,3.52
3991,1397,3.57
3992,1323,3.32
3993,1508,3.57
3994,1122,2.73
3995,1012,2.41
3996,1040,2.49
3997,1166,3.08
3998,1491,3.85
3999,1119,2.75
4000,1533,3.68
4001,1052,2.51
4002,1467,3.65
4003,1368,3.31
4004,1226,3.26
4005,1524,3.93
4006,1461,3.82
4007,1142,2.7
4008,1221,3.02
4009,1462,3.55
4010,1448,3.45
4011,1341,3.24
4012,1350,3.49
4013,1529,4.01
4014,1133,2.72
4015,1346,3.55
4016,1380,3.46
4017,1163,2.8
4018,1557,3.73
4019,1293,3.12
4020,1156,2.82
4021,1331,3.24
4022,1039,2.7
4023,1304,3.26
4024,1143,2.81
4025,1337,3.25
4026,1242,3.23
4027,1468,3.53
4028,1075,2.82
4029,1503,3.82
4030,1441,3.61
4031,1387,3.67
4032,1260,3.08
4033,1325,3.28
4034,1152,2.74
4035,1170,2.94
4036,1196,2.84
4037,1243,3.13
4038,1529,3.95
4039,1476,3.75
4040,1083,2.74
4041,1401,3.56
4042,1464,3.65
4043,1030,2.38
4044,1251,3.16
4045,1015,2.73
4046,1246,3.1
4047,1386,3.37
4048,1483,3.7
4049,1136,2.85
4050,1157,3.06
4051,1472,3.57
4052,1247,3.1
4053,1203,3.1
4054,1109,2.69
4055,1060,2.51
4056,1032,2.69
4057,1557,3.99
4058,1431,3.48
4059,1465,3.47
4060,1041,2.63
4061,1424,3.57
4062,1262,3.21
4063,1299,3.11
4064,1042,2.8
4065,1444,3.45
4066,1014,2.39
4067,1187,3
4068,1460,3.82
4069,1010,2.63
4070,1009,2.46
4071,1470,3.76
4072,1445,3.59
4073,1131,2.85
4074,1008,2.42
4075,1485,3.61
4076,1262,3.14
4077,1534,3.94
4078,1549,3.81
4079,1348,3.27
4080,1501,3.59
4081,1322,3.32
4082,1369,3.39
4083,1213,3.17
4084,1163,3.04
4085,1537,3.68
4086,1325,3.49
4087,1370,3.34
4088,1065,2.58
4089,1121,2.76
4090,1196,2.85
4091,1294,3.42
4092,1147,3.04
4093,1131,2.9
4094,1049,2.65
4095,1102,2.58
4096,1036,2.46
4097,1037,2.57
4098,1508,3.63
4099,1025,2.45
4100,1446,3.76
4101,1378,3.39
4102,1423,3.39
4103,1072,2.72
4104,1493,3.84
4105,1330,3.37
4106,1125,2.64
4107,1467,3.8
4108,1569,4.12
4109,1022,2.63
4110,1210,2.95
4111,1200,3.13
4112,1501,3.66
4113,1099,2.71
4114,1228,3.05
4115,1192,2.91
4116,1092,2.83
4117,1155,2.78
4118,1245,2.98
4119,1466,3.55
4120,1316,3.27
4121,1076,2.64
4122,1481,3.58
4123,1546,4.04
4124,1063,2.51
4125,1100,2.72
4126,1077,2.51
4127,1043,2.44
4128,1471,3.76
4129,1510,3.95
4130,1360,3.27
4131,1421,3.48
4132,1076,2.7
4133,1514,3.82
4134,1572,4.01
4135,1135,2.99
4136,1345,3.29
4137,1233,2.94
4138,1545,3.76
4139,1021,2.49
4140,1294,3.2
4141,1319,3.36
4142,1220,3.24
4143,1149,2.81
4144,1276,3.39
4145,1023,2.37
4146,1041,2.74
4147,1493,3.62
4148,1410,3.7
4149,1368,3.33
4150,1177,2.88
4151,1057,2.77
4152,1389,3.58
4153,1001,2.6
4154,1113,2.86
4155,1351,3.2
4156,1303,3.09
4157,1030,2.57
4158,1377,3.52
4159,1482,3.62
4160,1497,3.69
4161,1312,3.21
4162,1240,3.21
4163,1358,3.23
4164,1335,3.48
4165,1480,3.76
4166,1215,3.21
4167,1074,2.58
4168,1482,3.71
4169,1203,2.9
4170,1276,3.37
4171,1551,3.91
4172,1518,3.86
4173,1168,3.05
4174,1329,3.19
4175,1289,3.28
4176,1106,2.71
4177,1332,3.24
4178,1049,2.72
4179,1077,2.79
4180,1423,3.67
4181,1396,3.63
4182,1064,2.72
4183,1442,3.52
4184,1081,2.51
4185,1355,3.27
4186,1529,3.62
4187,1186,2.8
4188,1281,3.32
4189,1138,3.02
4190,1203,2.91
4191,1036,2.5
4192,1448,3.7
4193,1101,2.9
4194,1074,2.64
4195,1152,2.81
4196,1435,3.73
4197,1146,2.88
4198,1293,3.36
4199,1361,3.22
4200,1409,3.41
4201,1189,2.83
4202,1422,3.49
4203,1009,2.49
4204,1471,3.71
4205,1037,2.74
4206,1409,3.64
4207,1020,2.41
4208,1296,3.34
4209,1446,3.6
4210,1003,2.63
4211,1516,3.78
4212,1459,3.57
4213,1211,3.16
4214,1334,3.29
4215,1210,3.15
4216,1103,2.61
4217,1067,2.49
4218,1462,3.72
4219,1497,3.81
4220,1246,3.27
4221,1357,3.34
4222,1515,3.84
4223,1260,3.01
4224,1285,3.2
4225,1020,2.53
4226,1477,3.61
4227,1499,3.92
4228,1466,3.83
4229,1527,3.84
4230,1182,3
4231,1398,3.53
4232,1228,3.13
4233,1154,3.03
4234,1264,3.08
4235,1347,3.38
4236,1495,3.91
4237,1189,3.09
4238,1126,2.78
4239,1220,3.04
4240,1356,3.41
4241,1477,3.5
4242,1515,3.92
4243,1396,3.34
4244,1220,3.2
4245,1292,3.26
4246,1047,2.43
4247,1079,2.61
4248,1458,3.47
4249,1134,2.82
4250,1492,3.55
4251,1398,3.41
4252,1219,3.12
4253,1005,2.66
4254,1577,3.92
4255,1275,3.02
4256,1144,3.05
4257,1462,3.55
4258,1307,3.21
4259,1457,3.54
4260,1513,3.86
4261,1504,3.69
4262,1225,3.15
4263,1229,3.18
4264,1519,3.94
4265,1067,2.66
4266,1000,2.47
4267,1165,2.74
4268,1266,3.31
4269,1040,2.63
4270,1286,3.13
4271,1368,3.44
4272,1528,3.8
4273,1373,3.58
4274,1468,3.6
4275,1530,3.69
4276,1289,3.17
4277,1030,2.7
4278,1114,2.76
4279,1047,2.8
4280,1168,3.1
4281,1407,3.72
4282,1395,3.46
4283,1403,3.68
4284,1244,3.23
4285,1215,2.84
4286,1136,2.78
4287,1466,3.83
4288,1483,3.8
4289,1291,3.04
4290,1130,2.67
4291,1051,2.8
4292,1466,3.75
4293,1202,3.04
4294,1147,2.8
4295,1211,3.2
4296,1215,3.23
4297,1465,3.52
4298,1105,2.89
4299,1128,2.98
4300,1258,3.24
4301,1185,3.08
4302,1009,2.39
4303,1324,3.27
4304,1165,3.11
4305,1233,3.15
4306,1443,3.54
4307,1192,2.97
4308,1323,3.12
4309,1361,3.51
4310,1365,3.44
4311,1570,3.91
4312,1210,2.96
4313,1008,2.4
4314,1062,2.52
4315,1202,2.96
4316,1473,3.63
4317,1046,2.6
4318,1276,3.29
4319,1220,2.95
4320,1072,2.69
4321,1490,3.78
4322,1497,3.8
4323,1547,3.89
4324,1192,3.03
4325,1209,3.16
4326,1351,3.55
4327,1212,3.12
4328,1491,3.53
4329,1575,3.99
4330,1393,3.36
4331,1191,3.13
4332,1447,3.52
4333,1410,3.66
4334,1420,3.48
4335,1020,2.54
4336,1055,2.52
4337,1000,2.66
4338,1560,3.86
4339,1508,3.94
4340,1331,3.32
4341,1457,3.73
4342,1164,2.99
4343,1505,3.77
4344,1163,3.08
4345,1576,3.86
4346,1534,3.65
4347,1198,2.96
4348,1255,2.97
4349,1087,2.86
4350,1297,3.22
4351,1059,2.74
4352,1520,3.9
4353,1404,3.59
4354,1540,3.81
4355,1159,2.71
4356,1269,3.12
4357,1088,2.85
4358,1461,3.8
4359,1505,3.77
4360,1242,3.28
4361,1208,2.94
4362,1267,3.14
4363,1517,3.82
4364,1133,2.69
4365,1234,3.21
4366,1081,2.77
4367,1143,2.68
4368,1096,2.56
4369,1245,3.07
4370,1475,3.65
4371,1155,2.74
4372,1490,3.73
4373,1279,3.09
4374,1024,2.64
4375,1152,2.75
4376,1268,3.3
4377,1283,3.15
4378,1293,3.32
4379,1111,2.95
4380,1512,3.59
4381,1122,2.91
4382,1338,3.2
4383,1143,2.74
4384,1050,2.49
4385,1269,3.28
4386,1148,2.97
4387,1490,3.56
4388,1102,2.9
4389,1367,3.46
4390,1292,3.28
4391,1501,3.58
4392,1094,2.76
4393,1041,2.42
4394,1311,3.26
4395,1090,2.82
4396,1038,2.77
4397,1040,2.46
4398,1554,4.06
4399,1214,3.23
4400,1117,2.75
4401,1580,4.02
4402,1153,2.78
4403,1071,2.66
4404,1403,3.43
4405,1089,2.79
4406,1269,3.04
4407,1305,3.1
4408,1471,3.87
4409,1565,4.06
4410,1205,3.11
4411,1478,3.83
4412,1189,2.99
4413,1067,2.54
4414,1501,3.57
4415,1001,2.57
4416,1041,2.49
4417,1267,3
4418,1489,3.79
4419,1091,2.73
4420,1081,2.6
4421,1104,2.88
4422,1461,3.58
4423,1081,2.8
4424,1180,3.1
4425,1279,3.06
4426,1060,2.63
4427,1499,3.74
4428,1000,2.34
4429,1547,3.74
4430,1003,2.54
4431,1319,3.36
4432,1551,3.75
4433,1163,2.77
4434,1568,3.96
4435,1124,2.72
4436,1214,2.94
4437,1336,3.37
4438,1572,3.74
4439,1539,3.93
4440,1165,2.97
4441,1546,4.04
4442,1495,3.73
4443,1153,2.92
4444,1241,3.01
4445,1409,3.57
4446,1296,3.42
4447,1352,3.47
4448,1356,3.52
4449,1530,3.93
4450,1051,2.48
4451,1519,3.8
4452,1314,3.47
4453,1346,3.54
4454,1245,2.97
4455,1499,3.78
4456,1124,2.79
4457,1163,2.78
4458,1495,3.91
4459,1328,3.27
4460,1038,2.72
4461,1355,3.22
4462,1128,2.63
4463,1457,3.7
4464,1539,3.92
4465,1245,2.95
4466,1020,2.66
4467,1073,2.62
4468,1088,2.58
4469,1322,3.3
4470,1558,3.71
4471,1411,3.68
4472,1365,3.22
4473,1418,3.4
4474,1453,3.62
4475,1082,2.74
4476,1349,3.37
4477,1261,3.28
4478,1371,3.51
4479,1121,2.82
4480,1200,3.11
4481,1066,2.77
4482,1199,2.84
4483,1344,3.36
4484,1255,3.13
4485,1372,3.56
4486,1223,2.88
4487,1091,2.66
4488,1129,2.8
4489,1327,3.36
4490,1472,3.72
4491,1442,3.74
4492,1112,2.62
4493,1434,3.5
4494,1203,2.97
4495,1434,3.59
4496,1179,2.77
4497,1132,2.84
4498,1558,3.86
4499,1533,3.92
4500,1029,2.64
4501,1444,3.75
4502,1054,2.65
4503,1571,3.91
4504,1243,3.13
4505,1459,3.73
4506,1019,2.38
4507,1090,2.68
4508,1157,2.71
4509,1526,3.92
4510,1208,3.18
4511,1253,3.25
4512,1181,2.93
4513,1546,3.69
4514,1043,2.66
4515,1317,3.34
4516,1060,2.53
4517,1459,3.66
4518,1288,3.4
4519,1547,3.84
4520,1142,2.96
4521,1390,3.31
4522,1165,2.95
4523,1378,3.38
4524,1410,3.58
4525,1040,2.44
4526,1391,3.54
4527,1484,3.64
4528,1552,3.92
4529,1119,2.63
4530,1104,2.79
4531,1235,2.96
4532,1186,3
4533,1125,2.7
4534,1001,2.37
4535,1447,3.74
4536,1045,2.47
4537,1119,2.72
4538,1239,3.04
4539,1520,3.79
4540,1456,3.79
4541,1302,3.36
4542,1198,2.9
4543,1364,3.48
4544,1576,3.99
4545,1134,3
4546,1243,3.27
4547,1541,3.96
4548,1303,3.35
4549,1550,3.83
4550,1219,3.06
4551,1275,3.37
4552,1258,3.27
4553,1035,2.59
4554,1049,2.48
4555,1276,3.39
4556,1293,3.15
4557,1209,2.98
4558,1002,2.68
4559,1254,3.11
4560,1132,2.71
4561,1383,3.27
4562,1378,3.49
4563,1453,3.44
4564,1277,3.36
4565,1515,3.75
4566,1452,3.48
4567,1469,3.84
4568,1443,3.68
4569,1403,3.42
4570,1133,3.01
4571,1257,3.13
4572,1287,3.14
4573,1463,3.47
4574,1378,3.26
4575,1153,2.98
4576,1283,3.3
4577,1514,3.88
4578,1062,2.61
4579,1153,2.89
4580,1566,4.03
4581,1180,3.09
4582,1514,3.72
4583,1467,3.57
4584,1254,3.01
4585,1077,2.67
4586,1079,2.82
4587,1146,3.04
4588,1241,3.1
4589,1198,2.94
4590,1516,3.86
4591,1064,2.6
4592,1048,2.46
4593,1090,2.87
4594,1266,3.3
4595,1370,3.45
4596,1522,3.88
4597,1072,2.78
4598,1126,2.85
4599,1274,3.07
4600,1301,3.28
4601,1103,2.72
4602,1171,3.04
4603,1085,2.86
4604,1385,3.56
4605,1455,3.63
4606,1310,3.23
4607,1242,3.24
4608,1540,3.99
4609,1101,2.74
4610,1392,3.6
4611,1410,3.59
4612,1371,3.3
4613,1266,3.03
4614,1203,3.1
4615,1282,3.16
4616,1092,2.73
4617,1552,3.87
4618,1433,3.48
4619,1467,3.76
4620,1466,3.55
4621,1320,3.18
4622,1071,2.61
4623,1432,3.54
4624,1382,3.27
4625,1509,3.84
4626,1094,2.88
4627,1160,2.93
4628,1104,2.87
4629,1103,2.91
4630,1370,3.35
4631,1296,3.42
4632,1387,3.47
4633,1463,3.73
4634,1282,3.26
4635,1055,2.49
4636,1535,3.96
4637,1351,3.51
4638,1236,3.24
4639,1480,3.89
4640,1505,3.79
4641,1128,2.86
4642,1136,2.65
4643,1435,3.67
4644,1103,2.62
4645,1238,3.16
4646,1483,3.74
4647,1121,2.88
4648,1277,3.33
4649,1515,3.74
4650,1395,3.32
4651,1271,3.14
4652,1532,3.65
4653,1207,2.91
4654,1421,3.69
4655,1124,2.99
4656,1183,2.97
4657,1406,3.63
4658,1424,3.64
4659,1318,3.41
4660,1471,3.73
4661,1521,3.65
4662,1575,4.03
4663,1570,4.06
4664,1536,3.9
4665,1472,3.81
4666,1357,3.28
4667,1385,3.65
4668,1406,3.7
4669,1490,3.91
4670,1209,3.15
4671,1035,2.6
4672,1225,2.95
4673,1513,3.65
4674,1265,2.98
4675,1405,3.64
4676,1326,3.37
4677,1001,2.39
4678,1386,3.34
4679,1148,3.03
4680,1200,2.91
4681,1292,3.27
4682,1355,3.4
4683,1114,2.59
4684,1286,3.27
4685,1180,2.83
4686,1370,3.48
4687,1361,3.31
4688,1224,3.25
4689,1220,3.14
4690,1564,3.72
4691,1000,2.52
4692,1199,3.13
4693,1137,2.99
4694,1033,2.46
4695,1350,3.27
4696,1316,3.2
4697,1179,3.12
4698,1031,2.55
4699,1041,2.52
4700,1310,3.15
4701,1355,3.31
4702,1110,2.61
4703,1073,2.52
4704,1251,3.06
4705,1297,3.16
4706,1389,3.32
4707,1363,3.39
4708,1129,2.75
4709,1330,3.18
4710,1503,3.69
4711,1394,3.6
4712,1292,3.04
4713,1106,2.64
4714,1019,2.65
4715,1446,3.69
4716,1214,2.87
4717,1223,3.07
4718,1426,3.45
4719,1269,3.03
4720,1208,2.88
4721,1518,3.97
4722,1014,2.61
4723,1487,3.62
4724,1344,3.29
4725,1531,3.72
4726,1219,2.89
4727,1521,3.64
4728,1052,2.69
4729,1477,3.77
4730,1500,3.67
4731,1380,3.33
4732,1440,3.67
4733,1490,3.58
4734,1522,3.99
4735,1451,3.44
4736,1399,3.42
4737,1458,3.79
4738,1488,3.86
4739,1167,2.86
4740,1065,2.49
4741,1526,3.98
4742,1573,3.77
4743,1522,3.75
4744,1361,3.58
4745,1468,3.58
4746,1259,3.1
4747,1026,2.68
4748,1251,3.04
4749,1410,3.43
4750,1115,2.99
4751,1241,2.93
4752,1351,3.35
4753,1037,2.46
4754,1469,3.68
4755,1267,3.35
4756,1407,3.41
4757,1247,3.31
4758,1036,2.49
4759,1071,2.57
4760,1275,3.2
4761,1484,3.6
4762,1423,3.48
4763,1323,3.2
4764,1253,3.15
4765,1127,2.78
4766,1433,3.56
4767,1062,2.76
4768,1547,3.76
4769,1227,2.94
4770,1527,3.65
4771,1228,3.19
4772,1140,2.96
4773,1503,3.87
4774,1204,3.01
4775,1551,3.9
4776,1343,3.41
4777,1173,2.85
4778,1563,3.77
4779,1524,3.76
4780,1427,3.42
4781,1443,3.66
4782,1195,2.97
4783,1098,2.62
4784,1256,3.2
4785,1498,3.68
4786,1101,2.78
4787,1530,3.88
4788,1064,2.83
4789,1365,3.31
4790,1328,3.28
4791,1411,3.53
4792,1138,2.91
4793,1507,3.84
4794,1384,3.54
4795,1092,2.61
4796,1190,3.16
4797,1527,3.82
4798,1211,3.17
4799,1166,3.07
4800,1560,4.02
4801,1104,2.63
4802,1458,3.57
4803,1352,3.34
4804,1438,3.53
4805,1368,3.4
4806,1333,3.52
4807,1072,2.84
4808,1150,2.98
4809,1006,2.53
4810,1489,3.64
4811,1429,3.74
4812,1483,3.77
4813,1397,3.59
4814,1292,3.27
4815,1566,3.81
4816,1264,3.27
4817,1439,3.6
4818,1412,3.33
4819,1376,3.45
4820,1167,3.11
4821,1225,2.93
4822,1552,3.75
4823,1163,3.08
4824,1413,3.38
4825,1045,2.58
4826,1377,3.47
4827,1010,2.44
4828,1298,3.06
4829,1103,2.8
4830,1253,3.3
4831,1080,2.63
4832,1441,3.5
4833,1537,3.65
4834,1278,3.21
4835,1344,3.46
4836,1041,2.56
4837,1333,3.53
4838,1054,2.47
4839,1214,2.97
4840,1117,2.67
4841,1446,3.53
4842,1246,3.06
4843,1065,2.48
4844,1473,3.85
4845,1210,2.84
4846,1454,3.59
4847,1468,3.8
4848,1375,3.32
4849,1171,2.8
4850,1033,2.48
4851,1353,3.56
4852,1543,3.7
4853,1401,3.64
4854,1232,2.9
4855,1211,3.17
4856,1324,3.47
4857,1431,3.77
4858,1469,3.84
4859,1059,2.58
4860,1551,4.08
4861,1013,2.7
4862,1385,3.64
4863,1155,2.93
4864,1299,3.22
4865,1347,3.39
4866,1506,3.92
4867,1464,3.59
4868,1345,3.32
4869,1528,3.93
4870,1046,2.72
4871,1104,2.59
4872,1130,2.89
4873,1433,3.48
4874,1279,3.38
4875,1488,3.59
4876,1477,3.65
4877,1403,3.6
4878,1166,3.09
4879,1021,2.57
4880,1206,2.94
4881,1442,3.58
4882,1212,2.97
4883,1113,2.69
4884,1315,3.27
4885,1375,3.34
4886,1150,2.75
4887,1456,3.76
4888,1324,3.37
4889,1509,3.89
4890,1477,3.64
4891,1477,3.53
4892,1306,3.18
4893,1091,2.74
4894,1411,3.62
4895,1181,2.94
4896,1293,3.31
4897,1355,3.52
4898,1439,3.48
4899,1237,3.28
4900,1103,2.78
4901,1360,3.32
4902,1147,2.81
4903,1492,3.85
4904,1052,2.47
4905,1577,3.93
4906,1264,3.25
4907,1229,3.14
4908,1139,2.95
4909,1213,3.21
4910,1116,2.72
4911,1563,3.75
4912,1007,2.35
4913,1565,4.03
4914,1066,2.49
4915,1350,3.2
4916,1459,3.74
4917,1056,2.6
4918,1503,3.89
4919,1131,2.66
4920,1430,3.41
4921,1548,3.8
4922,1120,2.85
4923,1382,3.42
4924,1417,3.57
4925,1414,3.66
4926,1313,3.31
4927,1464,3.64
4928,1039,2.54
4929,1225,3.17
4930,1449,3.7
4931,1026,2.37
4932,1278,3.29
4933,1062,2.68
4934,1040,2.44
4935,1449,3.81
4936,1414,3.56
4937,1573,4.09
4938,1279,3.21
4939,1146,2.92
4940,1067,2.65
4941,1545,3.99
4942,1175,3.09
4943,1044,2.48
4944,1450,3.6
4945,1361,3.43
4946,1453,3.71
4947,1021,2.51
4948,1286,3.03
4949,1105,2.67
4950,1162,2.76
4951,1091,2.72
4952,1260,3.23
4953,1398,3.58
4954,1178,2.77
4955,1183,2.95
4956,1559,3.89
4957,1538,3.74
4958,1404,3.53
4959,1488,3.9
4960,1184,3.08
4961,1007,2.49
4962,1126,2.87
4963,1399,3.52
4964,1106,2.71
4965,1144,2.75
4966,1433,3.55
4967,1258,2.97
4968,1131,2.64
4969,1103,2.77
4970,1186,2.89
4971,1520,3.78
4972,1061,2.64
4973,1168,2.88
4974,1498,3.87
4975,1322,3.17
4976,1322,3.19
4977,1232,2.95
4978,1115,2.77
4979,1166,2.82
4980,1135,3.02
4981,1393,3.52
4982,1020,2.68
4983,1255,3.31
4984,1480,3.57
4985,1339,3.37
4986,1509,3.71
4987,1194,2.89
4988,1054,2.75
4989,1404,3.68
4990,1379,3.28
4991,1370,3.37
4992,1327,3.43
4993,1077,2.84
4994,1430,3.65
4995,1508,3.95
4996,1240,3.03
4997,1013,2.48
4998,1082,2.62
4999,1360,3.33
5000,1326,3.34
5001,1471,3.62
5002,1271,3.18
5003,1208,2.96
5004,1278,3.07
5005,1482,3.55
5006,1453,3.67
5007,1160,2.98
5008,1064,2.82
5009,1208,2.95
5010,1167,2.78
5011,1256,2.96
5012,1293,3.29
5013,1166,2.82
5014,1054,2.65
5015,1200,3.02
5016,1252,3.09
5017,1148,3.05
5018,1145,2.8
5019,1389,3.6
5020,1021,2.52
5021,1438,3.42
5022,1194,3.1
5023,1440,3.41
5024,1030,2.75
5025,1548,3.98
5026,1187,2.9
5027,1487,3.82
5028,1182,2.96
5029,1441,3.7
5030,1010,2.33
5031,1119,2.74
5032,1273,3.02
5033,1552,3.77
5034,1460,3.71
5035,1033,2.78
5036,1326,3.32
5037,1537,3.95
5038,1287,3.09
5039,1268,3.04
5040,1542,3.94
5041,1389,3.36
5042,1332,3.4
5043,1514,3.6
5044,1448,3.7
5045,1458,3.77
5046,1302,3.44
5047,1548,4
5048,1122,2.97
5049,1530,3.93
5050,1118,2.92
5051,1078,2.72
5052,1419,3.74
5053,1535,3.85
5054,1531,3.95
5055,1153,3.05
5056,1366,3.3
5057,1501,3.87
5058,1233,3
5059,1456,3.67
5060,1365,3.33
5061,1545,3.72
5062,1076,2.55
5063,1143,2.96
5064,1106,2.75
5065,1231,3.14
5066,1188,3.03
5067,1352,3.27
5068,1224,3.09
5069,1511,3.62
5070,1502,3.94
5071,1442,3.75
5072,1131,2.68
5073,1123,2.66
5074,1071,2.76
5075,1066,2.7
5076,1205,2.89
5077,1540,3.86
5078,1139,2.74
5079,1057,2.57
5080,1177,3.04
5081,1088,2.57
5082,1034,2.5
5083,1326,3.31
5084,1118,2.81
5085,1065,2.51
5086,1492,3.66
5087,1266,3.11
5088,1066,2.52
5089,1527,3.71
5090,1200,3
5091,1528,3.73
5092,1305,3.38
5093,1338,3.51
5094,1146,2.82
5095,1114,2.7
5096,1306,3.29
5097,1147,2.69
5098,1166,2.96
5099,1347,3.19
5100,1121,2.89
5101,1356,3.46
5102,1028,2.52
5103,1331,3.21
5104,1027,2.4
5105,1310,3.39
5106,1214,3.13
5107,1467,3.68
5108,1521,3.65
5109,1063,2.53
5110,1412,3.6
5111,1003,2.45
5112,1371,3.27
5113,1113,2.9
5114,1539,3.66
5115,1361,3.46
5116,1501,3.7
5117,1062,2.49
5118,1576,3.78
5119,1459,3.62
5120,1183,2.78
5121,1177,2.78
5122,1027,2.42
5123,1401,3.4
5124,1122,2.99
5125,1087,2.63
5126,1106,2.6
5127,1411,3.57
5128,1228,2.91
5129,1359,3.26
5130,1264,3.22
5131,1079,2.75
5132,1078,2.66
5133,1371,3.53
5134,1050,2.59
5135,1205,2.94
5136,1264,3.09
5137,1342,3.26
5138,1227,3.19
5139,1568,3.98
5140,1111,2.65
5141,1058,2.81
5142,1363,3.26
5143,1505,3.92
5144,1395,3.44
5145,1342,3.44
5146,1265,3.03
5147,1256,2.99
5148,1478,3.84
5149,1023,2.76
5150,1337,3.27
5151,1381,3.61
5152,1351,3.23
5153,1389,3.65
5154,1416,3.67
5155,1127,2.64
5156,1142,2.7
5157,1146,3.01
5158,1313,3.39
5159,1353,3.54
5160,1248,2.94
5161,1432,3.67
5162,1297,3.18
5163,1291,3.05
5164,1247,3.13
5165,1146,3.03
5166,1484,3.56
5167,1565,4.05
5168,1484,3.62
5169,1039,2.61
5170,1006,2.45
5171,1138,2.92
5172,1543,3.73
5173,1034,2.54
5174,1479,3.74
5175,1450,3.62
5176,1467,3.85
5177,1441,3.52
5178,1422,3.68
5179,1558,3.76
5180,1357,3.28
5181,1344,3.33
5182,1528,3.74
5183,1405,3.53
5184,1207,3.14
5185,1458,3.58
5186,1016,2.57
5187,1363,3.33
5188,1008,2.52
5189,1087,2.53
5190,1244,2.97
5191,1200,3.2
5192,1404,3.47
5193,1195,2.85
5194,1236,2.9
5195,1080,2.75
5196,1188,3.13
5197,1028,2.48
5198,1575,3.88
5199,1425,3.7
5200,1205,2.99
5201,1395,3.62
5202,1031,2.44
5203,1216,2.85
5204,1020,2.51
5205,1239,3.22
5206,1371,3.57
5207,1282,3.21
5208,1475,3.7
5209,1207,3.12
5210,1550,4
5211,1506,3.73
5212,1323,3.25
5213,1571,4.12
5214,1055,2.67
5215,1291,3.15
5216,1246,3.28
5217,1250,3.27
5218,1279,3.39
5219,1171,2.94
5220,1098,2.89
5221,1152,2.77
5222,1112,2.87
5223,1427,3.38
5224,1348,3.42
5225,1209,2.99
5226,1431,3.45
5227,1401,3.64
5228,1433,3.55
5229,1334,3.5
5230,1202,3.15
5231,1145,2.93
5232,1460,3.56
5233,1223,3.24
5234,1129,2.84
5235,1115,2.67
5236,1548,3.77
5237,1194,3.03
5238,1505,3.57
5239,1566,3.93
5240,1275,3.09
5241,1488,3.75
5242,1205,3.18
5243,1005,2.43
5244,1445,3.62
5245,1117,2.83
5246,1570,3.75
5247,1098,2.69
5248,1286,3.33
5249,1298,3.44
5250,1268,3.36
5251,1445,3.54
5252,1163,3.11
5253,1403,3.6
5254,1543,4.03
5255,1364,3.41
5256,1528,3.91
5257,1143,2.73
5258,1421,3.72
5259,1265,3.32
5260,1410,3.65
5261,1241,3.1
5262,1347,3.51
5263,1378,3.63
5264,1294,3.3
5265,1016,2.67
5266,1237,3.16
5267,1340,3.23
5268,1116,2.84
5269,1366,3.46
5270,1436,3.54
5271,1566,3.8
5272,1223,2.86
5273,1487,3.9
5274,1300,3.14
5275,1188,2.87
5276,1533,3.83
5277,1181,3.01
5278,1391,3.51
5279,1469,3.59
5280,1232,2.92
5281,1329,3.38
5282,1224,2.9
5283,1266,3.08
5284,1119,2.9
5285,1374,3.62
5286,1323,3.39
5287,1406,3.42
5288,1252,3.2
5289,1135,2.79
5290,1419,3.59
5291,1056,2.49
5292,1174,3.11
5293,1428,3.73
5294,1163,2.77
5295,1390,3.52
5296,1167,2.73
5297,1517,3.63
5298,1117,2.94
5299,1001,2.46
5300,1265,3.22
5301,1175,3.09
5302,1288,3.3
5303,1377,3.54
5304,1298,3.36
5305,1559,3.94
5306,1450,3.56
5307,1231,3.11
5308,1095,2.62
5309,1455,3.78
5310,1489,3.7
5311,1370,3.43
5312,1259,3.28
5313,1383,3.49
5314,1174,2.75
5315,1119,2.94
5316,1266,3.18
5317,1519,3.71
5318,1298,3.36
5319,1340,3.23
5320,1273,3.29
5321,1221,3.12
5322,1169,2.85
5323,1504,3.77
5324,1355,3.31
5325,1151,2.82
5326,1501,3.91
5327,1485,3.71
5328,1363,3.48
5329,1483,3.66
5330,1461,3.79
5331,1434,3.6
5332,1289,3.36
5333,1258,3.11
5334,1432,3.68
5335,1549,3.8
5336,1579,3.8
5337,1465,3.56
5338,1061,2.62
5339,1235,3.2
5340,1284,3.06
5341,1241,3.11
5342,1318,3.12
5343,1262,3.12
5344,1145,2.82
5345,1256,3.18
5346,1036,2.54
5347,1549,4.05
5348,1180,3.04
5349,1071,2.79
5350,1203,2.93
5351,1039,2.71
5352,1354,3.44
5353,1381,3.56
5354,1450,3.74
5355,1267,3.25
5356,1566,3.76
5357,1277,3.24
5358,1410,3.36
5359,1256,3.26
5360,1144,2.7
5361,1057,2.84
5362,1022,2.75
5363,1412,3.41
5364,1530,4.02
5365,1335,3.45
5366,1188,2.86
5367,1194,3.03
5368,1090,2.78
5369,1267,2.99
5370,1174,2.91
5371,1199,3.09
5372,1500,3.66
5373,1396,3.39
5374,1037,2.54
5375,1137,2.82
5376,1552,3.85
5377,1235,3.22
5378,1251,3.18
5379,1353,3.47
5380,1447,3.49
5381,1170,3.11
5382,1062,2.67
5383,1168,3.01
5384,1288,3.03
5385,1013,2.34
5386,1125,2.81
5387,1492,3.59
5388,1567,4.09
5389,1226,3
5390,1497,3.82
5391,1182,2.86
5392,1155,2.94
5393,1275,3.11
5394,1545,3.83
5395,1552,3.87
5396,1314,3.2
5397,1367,3.48
5398,1293,3.39
5399,1345,3.5
5400,1288,3.36
5401,1188,2.8
5402,1255,2.95
5403,1045,2.63
5404,1535,3.85
5405,1575,3.82
5406,1024,2.71
5407,1444,3.45
5408,1398,3.48
5409,1170,2.76
5410,1115,2.6
5411,1348,3.53
5412,1275,3
5413,1489,3.53
5414,1316,3.18
5415,1236,3.19
5416,1191,3.09
5417,1156,2.71
5418,1520,3.87
5419,1122,2.72
5420,1349,3.18
5421,1243,3.02
5422,1553,3.87
5423,1041,2.45
5424,1534,3.82
5425,1140,2.79
5426,1055,2.56
5427,1554,3.87
5428,1053,2.8
5429,1336,3.16
5430,1499,3.9
5431,1424,3.57
5432,1448,3.7
5433,1351,3.43
5434,1549,3.71
5435,1350,3.26
5436,1062,2.56
5437,1566,3.73
5438,1457,3.5
5439,1566,3.96
5440,1188,2.85
5441,1459,3.8
5442,1508,3.7
5443,1536,3.88
5444,1279,3.09
5445,1431,3.58
5446,1266,3.15
5447,1068,2.86
5448,1309,3.42
5449,1423,3.73
5450,1228,3.09
5451,1066,2.81
5452,1322,3.26
5453,1326,3.44
5454,1383,3.57
5455,1108,2.96
5456,1458,3.76
5457,1333,3.42
5458,1124,2.89
5459,1437,3.7
5460,1393,3.51
5461,1275,3.25
5462,1218,3.02
5463,1362,3.35
5464,1534,3.98
5465,1103,2.6
5466,1431,3.65
5467,1534,4
5468,1059,2.83
5469,1353,3.39
5470,1215,2.84
5471,1117,2.61
5472,1290,3.13
5473,1390,3.4
5474,1554,3.93
5475,1209,3.18
5476,1178,2.89
5477,1567,3.9
5478,1130,2.74
5479,1163,3.01
5480,1328,3.39
5481,1158,3
5482,1039,2.43
5483,1406,3.54
5484,1335,3.34
5485,1550,3.81
5486,1297,3.33
5487,1390,3.33
5488,1083,2.73
5489,1428,3.58
5490,1081,2.82
5491,1374,3.54
5492,1384,3.33
5493,1554,3.99
5494,1180,2.97
5495,1203,2.83
5496,1147,3.06
5497,1034,2.5
5498,1077,2.52
5499,1171,3.02
5500,1108,2.87
5501,1514,3.95
5502,1135,2.66
5503,1380,3.37
5504,1142,3.03
5505,1050,2.65
5506,1147,2.97
5507,1288,3.37
5508,1086,2.62
5509,1473,3.76
5510,1246,3.12
5511,1343,3.36
5512,1543,3.73
5513,1259,3.1
5514,1520,3.9
5515,1190,3.07
5516,1088,2.73
5517,1223,3.08
5518,1049,2.76
5519,1510,3.83
5520,1219,3.02
5521,1065,2.49
5522,1466,3.76
5523,1291,3.34
5524,1250,2.97
5525,1567,3.79
5526,1032,2.75
5527,1490,3.86
5528,1321,3.16
5529,1493,3.77
5530,1254,3.22
5531,1332,3.45
5532,1171,2.95
5533,1524,3.93
5534,1531,3.95
5535,1381,3.36
5536,1092,2.53
5537,1311,3.32
5538,1053,2.58
5539,1118,2.8
5540,1410,3.41
5541,1453,3.79
5542,1251,3
5543,1286,3.27
5544,1247,3.22
5545,1039,2.44
5546,1483,3.74
5547,1278,3.25
5548,1312,3.33
5549,1216,2.97
5550,1042,2.5
5551,1342,3.49
5552,1438,3.44
5553,1003,2.46
5554,1496,3.64
5555,1395,3.36
5556,1126,3
5557,1133,2.98
5558,1521,3.74
5559,1366,3.43
5560,1238,3.27
5561,1178,2.79
5562,1436,3.51
5563,1194,3.05
5564,1265,3.04
5565,1367,3.35
5566,1031,2.6
5567,1504,3.63
5568,1420,3.42
5569,1485,3.71
5570,1480,3.55
5571,1266,3.25
5572,1568,3.81
5573,1426,3.43
5574,1067,2.75
5575,1511,3.59
5576,1167,2.85
5577,1025,2.59
5578,1483,3.74
5579,1187,2.95
5580,1427,3.59
5581,1106,2.69
5582,1034,2.75
5583,1383,3.65
5584,1288,3.31
5585,1463,3.81
5586,1331,3.36
5587,1263,3.15
5588,1075,2.88
5589,1256,3.02
5590,1541,3.73
5591,1364,3.48
5592,1313,3.2
5593,1201,2.9
5594,1371,3.55
5595,1182,2.95
5596,1461,3.54
5597,1419,3.55
5598,1154,2.91
5599,1034,2.61
5600,1527,3.99
5601,1503,3.66
5602,1367,3.51
5603,1256,3.18
5604,1018,2.66
5605,1515,3.86
5606,1264,3.15
5607,1565,3.9
5608,1559,3.93
5609,1534,3.85
5610,1342,3.23
5611,1242,2.93
5612,1012,2.54
5613,1125,2.93
5614,1382,3.48
5615,1347,3.5
5616,1265,3.04
5617,1456,3.57
5618,1035,2.42
5619,1572,4.06
5620,1554,3.76
5621,1432,3.47
5622,1384,3.29
5623,1180,3.03
5624,1422,3.41
5625,1196,3.12
5626,1443,3.57
5627,1564,4.1
5628,1151,3.07
5629,1469,3.61
5630,1338,3.51
5631,1433,3.73
5632,1282,3.05
5633,1357,3.38
5634,1530,3.86
5635,1485,3.87
5636,1383,3.5
5637,1455,3.52
5638,1031,2.38
5639,1232,2.93
5640,1446,3.67
5641,1090,2.65
5642,1193,3.02
5643,1317,3.12
5644,1157,3.05
5645,1494,3.86
5646,1396,3.35
5647,1179,2.9
5648,1105,2.86
5649,1188,2.81
5650,1057,2.72
5651,1004,2.39
5652,1351,3.55
5653,1301,3.14
5654,1162,3.1
5655,1520,3.68
5656,1354,3.58
5657,1330,3.24
5658,1516,3.66
5659,1351,3.24
5660,1085,2.72
5661,1214,3.23
5662,1148,2.95
5663,1384,3.62
5664,1147,2.94
5665,1071,2.56
5666,1098,2.93
5667,1168,2.87
5668,1468,3.56
5669,1123,2.91
5670,1289,3.37
5671,1348,3.23
5672,1418,3.49
5673,1225,2.99
5674,1374,3.3
5675,1086,2.67
5676,1078,2.79
5677,1099,2.74
5678,1092,2.64
5679,1510,3.74
5680,1123,2.74
5681,1094,2.8
5682,1548,3.84
5683,1541,3.69
5684,1073,2.67
5685,1050,2.43
5686,1499,3.63
5687,1554,3.94
5688,1194,2.87
5689,1187,2.8
5690,1324,3.16
5691,1197,3.09
5692,1251,3.07
5693,1448,3.56
5694,1507,3.97
5695,1275,3.05
5696,1304,3.18
5697,1050,2.67
5698,1113,2.71
5699,1087,2.92
5700,1389,3.36
5701,1368,3.44
5702,1176,2.98
5703,1154,2.97
5704,1525,3.95
5705,1343,3.53
5706,1357,3.43
5707,1186,2.89
5708,1178,2.87
5709,1392,3.63
5710,1317,3.12
5711,1367,3.22
5712,1131,2.71
5713,1410,3.63
5714,1545,4.03
5715,1448,3.64
5716,1532,3.72
5717,1423,3.53
5718,1405,3.64
5719,1488,3.87
5720,1578,3.79
5721,1434,3.54
5722,1006,2.59
5723,1566,4.06
5724,1064,2.77
5725,1457,3.48
5726,1360,3.21
5727,1067,2.79
5728,1241,3.3
5729,1090,2.64
5730,1076,2.67
5731,1177,2.96
5732,1283,3.26
5733,1554,3.69
5734,1527,3.8
5735,1071,2.86
5736,1211,2.83
5737,1225,2.96
5738,1337,3.24
5739,1428,3.62
5740,1405,3.62
5741,1525,3.87
5742,1057,2.49
5743,1446,3.56
5744,1122,2.73
5745,1235,3.19
5746,1352,3.5
5747,1517,3.78
5748,1537,3.99
5749,1289,3.09
5750,1487,3.62
5751,1108,2.92
5752,1366,3.32
5753,1116,2.88
5754,1310,3.25
5755,1076,2.67
5756,1511,3.74
5757,1404,3.67
5758,1354,3.3
5759,1545,3.85
5760,1466,3.69
5761,1159,2.89
5762,1085,2.84
5763,1266,2.97
5764,1556,4.05
5765,1071,2.74
5766,1202,3.04
5767,1213,3.07
5768,1238,3.05
5769,1070,2.79
5770,1531,3.93
5771,1279,3.03
5772,1331,3.25
5773,1352,3.49
5774,1405,3.57
5775,1246,3
5776,1232,2.95
5777,1404,3.61
5778,1323,3.27
5779,1407,3.58
5780,1087,2.69
5781,1533,3.85
5782,1039,2.64
5783,1198,2.89
5784,1341,3.39
5785,1132,2.77
5786,1195,2.9
5787,1438,3.58
5788,1435,3.7
5789,1062,2.56
5790,1434,3.64
5791,1047,2.78
5792,1163,2.98
5793,1469,3.75
5794,1085,2.76
5795,1361,3.53
5796,1195,2.89
5797,1365,3.46
5798,1443,3.8
5799,1187,2.92
5800,1057,2.63
5801,1273,3.09
5802,1315,3.24
5803,1215,3.02
5804,1075,2.56
5805,1380,3.28
5806,1414,3.71
5807,1056,2.8
5808,1562,4.08
5809,1117,2.71
5810,1473,3.85
5811,1095,2.86
5812,1353,3.2
5813,1381,3.59
5814,1383,3.4
5815,1107,2.63
5816,1320,3.37
5817,1421,3.5
5818,1157,2.87
5819,1387,3.37
5820,1372,3.32
5821,1342,3.18
5822,1088,2.91
5823,1038,2.69
5824,1303,3.28
5825,1161,3.03
5826,1038,2.61
5827,1235,3.23
5828,1276,3.3
5829,1217,2.93
5830,1465,3.65
5831,1289,3.37
5832,1068,2.64
5833,1109,2.93
5834,1427,3.53
5835,1115,2.93
5836,1230,2.9
5837,1081,2.52
5838,1033,2.66
5839,1237,3.25
5840,1090,2.54
5841,1401,3.48
5842,1162,3.03
5843,1249,3.13
5844,1523,3.63
5845,1102,2.66
5846,1134,2.79
5847,1032,2.46
5848,1517,3.72
5849,1246,3.13
5850,1176,2.83
5851,1109,2.97
5852,1499,3.88
5853,1004,2.42
5854,1141,2.73
5855,1258,3.02
5856,1482,3.65
5857,1048,2.79
5858,1367,3.25
5859,1074,2.66
5860,1172,2.95
5861,1370,3.61
5862,1327,3.23
5863,1160,3.03
5864,1209,2.94
5865,1356,3.44
5866,1506,3.88
5867,1122,2.68
5868,1341,3.41
5869,1507,3.93
5870,1062,2.85
5871,1481,3.64
5872,1007,2.58
5873,1144,3.03
5874,1382,3.4
5875,1243,3.26
5876,1060,2.5
5877,1174,2.95
5878,1300,3.08
5879,1509,3.95
5880,1319,3.26
5881,1342,3.37
5882,1215,3.12
5883,1047,2.76
5884,1237,3.02
5885,1125,2.68
5886,1387,3.43
5887,1448,3.69
5888,1504,3.6
5889,1276,3.2
5890,1198,3.16
5891,1311,3.14
5892,1452,3.55
5893,1538,3.94
5894,1544,3.66
5895,1286,3.17
5896,1129,2.93
5897,1523,3.69
5898,1302,3.08
5899,1468,3.66
5900,1262,3.04
5901,1439,3.77
5902,1451,3.7
5903,1234,2.94
5904,1029,2.63
5905,1438,3.7
5906,1369,3.26
5907,1462,3.74
5908,1006,2.35
5909,1288,3.39
5910,1172,3.1
5911,1233,3.09
5912,1368,3.45
5913,1085,2.89
5914,1015,2.37
5915,1514,3.72
5916,1220,3.04
5917,1137,2.71
5918,1415,3.42
5919,1096,2.8
5920,1210,2.97
5921,1356,3.58
5922,1128,2.75
5923,1041,2.53
5924,1308,3.09
5925,1529,3.74
5926,1358,3.47
5927,1316,3.2
5928,1388,3.42
5929,1392,3.38
5930,1171,3.11
5931,1446,3.61
5932,1293,3.2
5933,1248,3.2
5934,1293,3.35
5935,1377,3.62
5936,1424,3.75
5937,1475,3.61
5938,1487,3.61
5939,1095,2.61
5940,1028,2.75
5941,1448,3.72
5942,1301,3.34
5943,1243,3.25
5944,1222,3.01
5945,1535,3.64
5946,1314,3.36
5947,1391,3.4
5948,1467,3.62
5949,1274,3
5950,1100,2.61
5951,1040,2.41
5952,1262,3.24
5953,1223,2.98
5954,1244,3.3
5955,1561,3.79
5956,1115,2.9
5957,1012,2.65
5958,1198,2.99
5959,1330,3.32
5960,1522,3.7
5961,1266,3.31
5962,1511,3.83
5963,1187,2.88
5964,1075,2.55
5965,1324,3.49
5966,1356,3.57
5967,1140,2.95
5968,1394,3.33
5969,1458,3.62
5970,1468,3.7
5971,1053,2.83
5972,1027,2.66
5973,1327,3.19
5974,1099,2.92
5975,1435,3.42
5976,1484,3.72
5977,1420,3.56
5978,1185,2.96
5979,1039,2.6
5980,1209,2.99
5981,1133,2.9
5982,1381,3.48
5983,1380,3.53
5984,1252,3.02
5985,1366,3.49
5986,1468,3.51
5987,1208,3.13
5988,1476,3.81
5989,1256,3.04
5990,1139,3.03
5991,1576,3.94
5992,1299,3.16
5993,1400,3.59
5994,1121,2.96
5995,1564,4.1
5996,1332,3.14
5997,1228,2.95
5998,1165,2.81
5999,1400,3.43
6000,1097,2.65